id,tenant_id,nombre,activo,orden,created_at,created_by,updated_at,updated_by,deleted_at,deleted_by,code,is_commercial,display_name
b0df0a7b-dc11-4f5c-8672-13f743f08b9b,00000000-0000-0000-0000-00000000d01c,PRODUCTOS TECHANI SA DE CV,t,0,2026-06-01 22:58:16.164845+00,,2026-06-03 15:00:00.594735+00,,,,368,t,PRODUCTOS TECHANI
28c6459f-dd00-4ea2-9e76-644d301e0fe7,00000000-0000-0000-0000-00000000d01c,SOCIEDAD COOPERATIVA TRABAJADORES DE PASCUAL,t,0,2026-06-01 22:58:16.164845+00,,2026-06-03 15:00:00.594735+00,,,,369,t,SOCIEDAD COOPERATIVA TRABAJADORES DE PASCUAL
59bdb55a-6578-4bfb-84b6-b025c8eafe4e,00000000-0000-0000-0000-00000000d01c,J. GUADALUPE ALCARAZ,t,0,2026-06-01 22:58:16.164845+00,,2026-06-03 15:00:00.594735+00,,,,455.,t,J. GUADALUPE ALCARAZ
cf41a47c-cfd1-4e62-87e2-fd784d4b7a68,00000000-0000-0000-0000-00000000d01c,ROMPOPE ARANDELA,t,0,2026-06-01 22:58:16.164845+00,,2026-06-03 15:00:00.594735+00,,,,479,t,ROMPOPE ARANDELA
595447c1-fe05-45b7-9294-a0b1b016b25d,00000000-0000-0000-0000-00000000d01c,ITZAYANA RUIZ HERNANDEZ,t,0,2026-06-01 22:58:16.164845+00,,2026-06-03 15:00:00.594735+00,,,,5112,t,ITZAYANA RUIZ HERNANDEZ
b50969de-6196-41b3-ada1-f3bd823991f7,00000000-0000-0000-0000-00000000d01c,SAN SEBASTIAN,t,0,2026-06-01 22:58:16.164845+00,,2026-06-03 15:00:00.594735+00,,,,524,t,SAN SEBASTIAN
f4a922cf-b71b-406c-8f64-1bdbe27dba36,00000000-0000-0000-0000-00000000d01c,GERMAN ENRIQUE MICHEL LOPEZ,t,0,2026-06-01 22:58:16.164845+00,,2026-06-03 15:00:00.594735+00,,,,838,t,GERMAN ENRIQUE MICHEL LOPEZ
b543e04f-68ae-4e8c-bf4b-ca71d375a3e7,00000000-0000-0000-0000-00000000d01c,JOSE BALTAZAR ZUÑIGA VAZQUEZ,t,0,2026-06-01 22:58:16.164845+00,,2026-06-03 15:00:00.594735+00,,,,928,t,JOSE BALTAZAR ZUÑIGA VAZQUEZ
79522408-31f1-46e7-9c6d-644de9e1728f,00000000-0000-0000-0000-00000000d01c,DELICIAS,t,0,2026-05-26 17:19:39.303264+00,,2026-05-26 17:19:39.303264+00,,,,,t,DELICIAS
1b7b4167-a81c-483b-9989-30a0b0f9b6e8,00000000-0000-0000-0000-00000000d01c,LAS DELICIAS,t,10,2026-05-26 17:19:39.303264+00,,2026-05-26 17:19:39.303264+00,,,,,t,LAS DELICIAS
09609871-220d-45fa-b959-0be299a44685,00000000-0000-0000-0000-00000000d01c,DE LA ROSA,t,15,2026-05-26 17:19:39.303264+00,,2026-05-26 19:54:00.936112+00,,,,,t,DE LA ROSA
3d2859a4-c87a-40fe-9975-be8ebf3adcb9,00000000-0000-0000-0000-00000000d01c,CANEL'S,t,18,2026-05-26 17:19:39.303264+00,,2026-05-26 19:54:00.936112+00,,,,,t,CANEL'S
eb88d070-54cb-4864-8d8f-d6ae7929a2da,00000000-0000-0000-0000-00000000d01c,REYMA,t,20,2026-05-26 17:19:39.303264+00,,2026-05-26 19:54:00.936112+00,,,,,t,REYMA
9d89a38f-3830-41c8-a563-c1f79496862f,00000000-0000-0000-0000-00000000d01c,FRUTIFRESK,t,25,2026-05-26 17:19:39.303264+00,,2026-05-26 19:54:00.936112+00,,,,,t,FRUTIFRESK
601797a8-3744-4cb6-bb53-72f3980438e3,00000000-0000-0000-0000-00000000d01c,MONTES,t,27,2026-05-26 17:19:39.303264+00,,2026-05-26 19:54:00.936112+00,,,,,t,MONTES
f6b4febe-148a-4959-8189-ab483cdac39a,00000000-0000-0000-0000-00000000d01c,PEPSICO,t,28,2026-05-26 17:19:39.303264+00,,2026-05-26 19:54:00.936112+00,,,,,t,PEPSICO
28e69075-547a-4caa-9547-161676cada7f,00000000-0000-0000-0000-00000000d01c,BOKADOS,t,77,2026-05-26 17:19:39.303264+00,,2026-05-26 19:54:00.936112+00,,,,,t,BOKADOS
3bb679f2-310d-41e1-9236-9b159a92b2e4,00000000-0000-0000-0000-00000000d01c,LUSSEL,t,78,2026-05-26 17:19:39.303264+00,,2026-05-26 19:54:00.936112+00,,,,,t,LUSSEL
23595f0d-a809-434a-91a5-f4f0ca59e511,00000000-0000-0000-0000-00000000d01c,CHOMPYS,t,79,2026-05-26 17:19:39.303264+00,,2026-05-26 19:54:00.936112+00,,,,,t,CHOMPYS
fef33a52-51ed-4aad-a98c-9dd7ee10adb9,00000000-0000-0000-0000-00000000d01c,DART,t,82,2026-05-26 17:19:39.303264+00,,2026-05-26 19:54:00.936112+00,,,,,t,DART
72a9418a-1fa4-4fef-a39f-a05830d5ac92,00000000-0000-0000-0000-00000000d01c,JAGUAR,t,83,2026-05-26 17:19:39.303264+00,,2026-05-26 19:54:00.936112+00,,,,,t,JAGUAR
34d13fee-c414-476c-b150-06e6e4b0cc44,00000000-0000-0000-0000-00000000d01c,JHONNY,t,84,2026-05-26 17:19:39.303264+00,,2026-05-26 19:54:00.936112+00,,,,,t,JHONNY
4775efb0-0bc2-4333-9bb4-57c309f8d774,00000000-0000-0000-0000-00000000d01c,PROVIDENCIA,t,85,2026-05-26 17:19:39.303264+00,,2026-05-26 19:54:00.936112+00,,,,,t,PROVIDENCIA
e5a3f541-859d-44e0-8786-414823e95949,00000000-0000-0000-0000-00000000d01c,PIGUI,t,88,2026-05-26 17:19:39.303264+00,,2026-05-26 19:54:00.936112+00,,,,,t,PIGUI
44387643-223d-4e2e-b906-19387a15b630,00000000-0000-0000-0000-00000000d01c,COOL TOONS,t,89,2026-05-26 17:19:39.303264+00,,2026-05-26 19:54:00.936112+00,,,,,t,COOL TOONS
77ca7508-5547-4231-8feb-e720fa153de6,00000000-0000-0000-0000-00000000d01c,CIMARRON,t,90,2026-05-26 17:19:39.303264+00,,2026-05-26 19:54:00.936112+00,,,,,t,CIMARRON
c0183e57-be5f-49a6-81fb-6d54bd7e4070,00000000-0000-0000-0000-00000000d01c,JUMEX,t,91,2026-05-26 17:19:39.303264+00,,2026-05-26 19:54:00.936112+00,,,,,t,JUMEX
64183d15-8637-4722-ac53-b3e28ef357b6,00000000-0000-0000-0000-00000000d01c,BONDY FIESTA,t,92,2026-05-26 17:19:39.303264+00,,2026-05-26 19:54:00.936112+00,,,,,t,BONDY FIESTA
957f9f47-83cd-4393-956f-be4f43bc44e0,00000000-0000-0000-0000-00000000d01c,BOING,t,93,2026-05-26 17:19:39.303264+00,,2026-05-26 19:54:00.936112+00,,,,,t,BOING
ef71f29f-38e8-4d52-b147-da2b4286e7a7,00000000-0000-0000-0000-00000000d01c,DULANDY,t,94,2026-05-26 17:19:39.303264+00,,2026-05-26 19:54:00.936112+00,,,,,t,DULANDY
c20c3d16-094a-49ab-88f2-afa52756693a,00000000-0000-0000-0000-00000000d01c,LA ROSA,t,0,2026-05-26 17:19:39.303264+00,,2026-05-26 19:54:00.936112+00,,,,,t,LA ROSA
e2e2d24e-4853-47f6-9d24-f19308065760,00000000-0000-0000-0000-00000000d01c,ADMINISTRATIVO,t,0,2026-06-01 22:58:16.164845+00,,2026-06-01 22:58:16.164845+00,,,,215,f,ADMINISTRATIVO
986de6bf-718e-40dc-8582-3b22f631fe7b,00000000-0000-0000-0000-00000000d01c,ABARROTES SAGITARIO,t,0,2026-06-01 22:58:16.164845+00,,2026-06-01 22:58:16.164845+00,,,,239,f,ABARROTES SAGITARIO
29e4f679-a536-48ce-a61f-86a277b3d308,00000000-0000-0000-0000-00000000d01c,PROMOCIONES,t,0,2026-06-01 22:58:16.164845+00,,2026-06-01 22:58:16.164845+00,,,,341,f,PROMOCIONES
baf7e932-9176-4a71-8624-ce39b153c971,00000000-0000-0000-0000-00000000d01c,ZUMBAPICA,t,0,2026-05-26 17:19:39.303264+00,,2026-05-26 19:54:00.936112+00,,,,,t,ZUMBAPICA
bf006498-bf36-4019-9214-ef4120fd5b02,00000000-0000-0000-0000-00000000d01c,LA ORQUIDEA,t,0,2026-05-26 17:19:39.303264+00,,2026-05-26 19:54:00.936112+00,,,,,t,LA ORQUIDEA
4937c001-8c18-43a8-b9bc-d43700d13060,00000000-0000-0000-0000-00000000d01c,MARCA DEMO A,t,1,2026-05-26 18:32:22.117814+00,,2026-05-26 19:54:00.936112+00,,,,,t,MARCA DEMO A
174a8e98-a412-427d-ba52-f157d722b23f,00000000-0000-0000-0000-00000000d01c,MARCA DEMO B,t,2,2026-05-26 18:32:22.117814+00,,2026-05-26 19:54:00.936112+00,,,,,t,MARCA DEMO B
33005279-be6d-4094-81ad-56b21b665edd,00000000-0000-0000-0000-00000000d01c,CHOCOLATES PREMIUM,t,1,2026-05-26 18:36:10.075379+00,,2026-05-26 19:54:00.936112+00,,,,,t,CHOCOLATES PREMIUM
58a5e5df-bc6b-42c8-85c7-3c3fa5df2c53,00000000-0000-0000-0000-00000000d01c,DULCES TIPICOS MX,t,2,2026-05-26 18:36:10.075379+00,,2026-05-26 19:54:00.936112+00,,,,,t,DULCES TIPICOS MX
b7aeeacd-abcc-4a04-8606-d6c5367bc9b5,00000000-0000-0000-0000-00000000d01c,CHICLES & GOMITAS,t,3,2026-05-26 18:36:10.075379+00,,2026-05-26 19:54:00.936112+00,,,,,t,CHICLES & GOMITAS
6c0dc91a-ba65-428c-86f7-cb49866cd8f1,00000000-0000-0000-0000-00000000d01c,PALETAS Y HELADOS,t,4,2026-05-26 18:36:10.075379+00,,2026-05-26 19:54:00.936112+00,,,,,t,PALETAS Y HELADOS
ead09c43-39b6-40ca-88bb-7cb76ac5125d,00000000-0000-0000-0000-00000000d01c,GALLETAS Y SNACKS,t,5,2026-05-26 18:36:10.075379+00,,2026-05-26 19:54:00.936112+00,,,,,t,GALLETAS Y SNACKS
defff13c-5564-4800-8a3f-dcd43341e1fe,00000000-0000-0000-0000-00000000d01c,RODOLFO SEPULVEDA,t,0,2026-06-01 22:58:16.164845+00,,2026-06-01 22:58:16.164845+00,,,,004,t,RODOLFO SEPULVEDA
10276b8d-565c-44ba-94d4-f1101597f6a0,00000000-0000-0000-0000-00000000d01c,"MONTES Y CIA, S.A. DE C.V.",t,0,2026-06-01 22:58:16.164845+00,,2026-06-01 22:58:16.164845+00,,,,005,t,MONTES Y CIA
4e57cf7e-b1c4-4ccf-97fe-13e56bed88fe,00000000-0000-0000-0000-00000000d01c,REPRESENTACIONES HC,t,0,2026-06-01 22:58:16.164845+00,,2026-06-01 22:58:16.164845+00,,,,012,t,REPRESENTACIONES HC
ef741ae4-ff0f-43ac-875f-c630025c24d1,00000000-0000-0000-0000-00000000d01c,KALU,t,12,2026-05-26 17:19:39.303264+00,,2026-05-26 17:19:39.303264+00,,,,,t,KALU
989085ed-b65a-45c3-b3ae-38ef7f607ea1,00000000-0000-0000-0000-00000000d01c,"FERRERO DE MEXICO, S.A.",t,0,2026-06-01 22:58:16.164845+00,,2026-06-01 22:58:16.164845+00,,,,013,t,FERRERO DE MEXICO
cfb6d623-2475-4eef-8886-43d50f2c9d53,00000000-0000-0000-0000-00000000d01c,BREMEN S.A. DE C.V.,t,0,2026-06-01 22:58:16.164845+00,,2026-06-01 22:58:16.164845+00,,,,014,t,BREMEN
7c681ac1-57f1-450f-9f13-a73dfc4bde13,00000000-0000-0000-0000-00000000d01c,VITRINAS,t,0,2026-06-01 22:58:16.164845+00,,2026-06-01 22:58:16.164845+00,,,,017,t,VITRINAS
34a57533-4b90-4507-aebe-be8a01a8c325,00000000-0000-0000-0000-00000000d01c,PALMEX ALIMENTOS S.A. DE C.V.,t,0,2026-06-01 22:58:16.164845+00,,2026-06-01 22:58:16.164845+00,,,,006,t,PALMEX ALIMENTOS
07196473-ebeb-4008-ba8d-b56d5ead61e8,00000000-0000-0000-0000-00000000d01c,COMERCIALIZADORA ANAHUAC MEX SA,t,0,2026-06-01 22:58:16.164845+00,,2026-06-01 22:58:16.164845+00,,,,007,t,COMERCIALIZADORA ANAHUAC MEX
2f972494-6bea-4020-b982-40c43063549d,00000000-0000-0000-0000-00000000d01c,VICTOR MANUEL ROSALES GARCIA.,t,0,2026-06-01 22:58:16.164845+00,,2026-06-01 22:58:16.164845+00,,,,0074,t,VICTOR MANUEL ROSALES GARCIA
dd41040d-d80a-4e5b-86b2-e64f2a45ab29,00000000-0000-0000-0000-00000000d01c,JAVIER ORTIZ TORTOLERO,t,0,2026-06-01 22:58:16.164845+00,,2026-06-01 22:58:16.164845+00,,,,008,t,JAVIER ORTIZ TORTOLERO
4cac75de-c963-4d49-9c5e-64155c02e2b4,00000000-0000-0000-0000-00000000d01c,SWEETS N LOLLY POPS S.A. DE C.V.,t,0,2026-06-01 22:58:16.164845+00,,2026-06-01 22:58:16.164845+00,,,,009,t,SWEETS N LOLLY POPS
7913d5cf-59e6-4373-8497-06dc4ca2fb8b,00000000-0000-0000-0000-00000000d01c,LA COCULENSE S.A.,t,0,2026-06-01 22:58:16.164845+00,,2026-06-01 22:58:16.164845+00,,,,011,t,LA COCULENSE
c857757d-903f-4daf-80d2-090c2ef35675,00000000-0000-0000-0000-00000000d01c,BOLSAS DE LOS ALTOS,t,0,2026-05-26 17:19:39.303264+00,,2026-05-26 17:19:39.303264+00,,,,,f,BOLSAS DE LOS ALTOS
7e16e646-bcee-4bd2-8e6e-5f315a53af4f,00000000-0000-0000-0000-00000000d01c,G INDIVIDUALES,t,0,2026-06-01 22:58:16.164845+00,,2026-06-01 22:58:16.164845+00,,,,001,f,G INDIVIDUALES
f43746e2-350d-4829-877f-eac21e886eea,00000000-0000-0000-0000-00000000d01c,DULCES CHOMPYS S.A. DE C.V.,t,0,2026-06-01 22:58:16.164845+00,,2026-06-01 22:58:16.164845+00,,,,015,t,DULCES CHOMPYS
ac60d579-55b3-463a-9b86-8c4379860806,00000000-0000-0000-0000-00000000d01c,ACEITE GRASAS Y DERIVADOS S.A,t,0,2026-06-01 22:58:16.164845+00,,2026-06-01 22:58:16.164845+00,,,,016,t,ACEITE GRASAS Y DERIVADOS
c34b91c1-6351-4dc1-812e-7161953bffe3,00000000-0000-0000-0000-00000000d01c,OSWALDO PEREZ ARIAS,t,0,2026-06-01 22:58:16.164845+00,,2026-06-01 22:58:16.164845+00,,,,018,t,OSWALDO PEREZ ARIAS
cb0dc166-75e2-41e2-b963-e853820db866,00000000-0000-0000-0000-00000000d01c,DULCES REGIONALES DON INES,t,0,2026-06-01 22:58:16.164845+00,,2026-06-01 22:58:16.164845+00,,,,019,t,DULCES REGIONALES DON INES
59b9ea7d-acd6-4a74-8a0b-5d7dea20c784,00000000-0000-0000-0000-00000000d01c,COMERCIALIZADORA GALFRA S.P.R. DE R.L.,t,0,2026-06-01 22:58:16.164845+00,,2026-06-01 22:58:16.164845+00,,,,0219,t,COMERCIALIZADORA GALFRA S.P.R. DE R.L
62d20b90-ff13-48c1-98d2-37110f868a5e,00000000-0000-0000-0000-00000000d01c,"LABORATORIOS FEM, S. DE R.L de C.V.",t,0,2026-06-01 22:58:16.164845+00,,2026-06-01 22:58:16.164845+00,,,,023,t,LABORATORIOS FEM
453cf09d-4071-4b7b-8020-cd405e545cde,00000000-0000-0000-0000-00000000d01c,CUANDA SA DE CV,t,0,2026-06-01 22:58:16.164845+00,,2026-06-01 22:58:16.164845+00,,,,026,t,CUANDA
55f4ef8c-9b14-443d-a09e-cf726d4bcf9d,00000000-0000-0000-0000-00000000d01c,PIÑATAS,t,0,2026-06-01 22:58:16.164845+00,,2026-06-01 22:58:16.164845+00,,,,027,t,PIÑATAS
6fb1b14c-0662-4643-a9cf-884a33f36ce4,00000000-0000-0000-0000-00000000d01c,NAVIDAD,t,0,2026-06-01 22:58:16.164845+00,,2026-06-01 22:58:16.164845+00,,,,028,t,NAVIDAD
b03bb4ab-b8e0-4620-b383-f037e90a3175,00000000-0000-0000-0000-00000000d01c,TUTSI SA DE CV,t,0,2026-06-01 22:58:16.164845+00,,2026-06-01 22:58:16.164845+00,,,,032,t,TUTSI
f7e3a3ef-f5d2-4606-9866-231c3a17a3f4,00000000-0000-0000-0000-00000000d01c,JORGE KARIM RAMIREZ COVARRUBIAS,t,0,2026-06-01 22:58:16.164845+00,,2026-06-01 22:58:16.164845+00,,,,033,t,JORGE KARIM RAMIREZ COVARRUBIAS
0020028c-e0c7-46cf-885b-f1e5d251b87b,00000000-0000-0000-0000-00000000d01c,FABRICA DE DULCES FRADI SA DE CV,t,0,2026-06-01 22:58:16.164845+00,,2026-06-01 22:58:16.164845+00,,,,034,t,FABRICA DE DULCES FRADI
4c95d126-5ebd-4c54-bbaf-423d9124b7de,00000000-0000-0000-0000-00000000d01c,HERSHEY MEXICO SA DE CV,t,0,2026-06-01 22:58:16.164845+00,,2026-06-01 22:58:16.164845+00,,,,036,t,HERSHEY MEXICO
204634c7-7fb6-4e0e-ac4c-520fefc12c56,00000000-0000-0000-0000-00000000d01c,BOTANAS Y CEREALES,t,0,2026-06-01 22:58:16.164845+00,,2026-06-01 22:58:16.164845+00,,,,040,t,BOTANAS Y CEREALES
4c7ff736-d861-4d8d-8720-05f35b6ea8e3,00000000-0000-0000-0000-00000000d01c,QUALAMEX SA DE CV,t,0,2026-06-01 22:58:16.164845+00,,2026-06-01 22:58:16.164845+00,,,,041,t,QUALAMEX
60a65753-9310-4a0f-b076-ee9b69144181,00000000-0000-0000-0000-00000000d01c,SALSA MAGA SA DE CV,t,0,2026-06-01 22:58:16.164845+00,,2026-06-01 22:58:16.164845+00,,,,048,t,SALSA MAGA
1b830762-d05f-450e-8415-6b6811dc1156,00000000-0000-0000-0000-00000000d01c,FABRICAS SELECTAS SA DE CV,t,0,2026-06-01 22:58:16.164845+00,,2026-06-01 22:58:16.164845+00,,,,050,t,FABRICAS SELECTAS
5442b12b-7264-4a49-ae7e-07695ae18202,00000000-0000-0000-0000-00000000d01c,JUANA CAROLINA GALINDO,t,0,2026-06-01 22:58:16.164845+00,,2026-06-01 22:58:16.164845+00,,,,051,t,JUANA CAROLINA GALINDO
f7260052-1a24-4b10-ae98-c127f8c99359,00000000-0000-0000-0000-00000000d01c,MASACK SA DE CV,t,0,2026-06-01 22:58:16.164845+00,,2026-06-01 22:58:16.164845+00,,,,052,t,MASACK
95f14570-4795-4fa8-84b4-25b9d482e7a3,00000000-0000-0000-0000-00000000d01c,ALEGRIAS DE AMARANTO MONSIL,t,0,2026-06-01 22:58:16.164845+00,,2026-06-01 22:58:16.164845+00,,,,054,t,ALEGRIAS DE AMARANTO MONSIL
d82ded4f-c4da-4e19-91f5-add441f32ac2,00000000-0000-0000-0000-00000000d01c,COMERCIALIZADORA SARAMEL SA DE CV,t,0,2026-06-01 22:58:16.164845+00,,2026-06-01 22:58:16.164845+00,,,,056,t,COMERCIALIZADORA SARAMEL
5b52b88b-4c33-4ecf-abf9-4aa46f5a0ae7,00000000-0000-0000-0000-00000000d01c,CANEL´S S.A. DE C.V.,t,0,2026-06-01 22:58:16.164845+00,,2026-06-01 22:58:16.164845+00,,,,057,t,CANEL´S
e2cc1aa9-e560-41f3-82e3-fbabbe62affa,00000000-0000-0000-0000-00000000d01c,FABRICA DE DULCES LA PROVIDENCIA SA DE CV,t,0,2026-06-01 22:58:16.164845+00,,2026-06-01 22:58:16.164845+00,,,,062,t,FABRICA DE DULCES LA PROVIDENCIA
fb97c3ff-684a-46a1-81cc-994324d7bd0c,00000000-0000-0000-0000-00000000d01c,ISAUL JACOB TENA,t,0,2026-06-01 22:58:16.164845+00,,2026-06-01 22:58:16.164845+00,,,,063,t,ISAUL JACOB TENA
3abbfac9-c4f8-4235-958e-45791ad51dab,00000000-0000-0000-0000-00000000d01c,INDUSTRIAS E.W.   S.A.,t,0,2026-06-01 22:58:16.164845+00,,2026-06-01 22:58:16.164845+00,,,,064,t,INDUSTRIAS E.W
32eea9eb-384a-4197-91e9-7c91e6424ec5,00000000-0000-0000-0000-00000000d01c,DERIVADOS ALIMENTICIOS DEL BAJIO,t,0,2026-06-01 22:58:16.164845+00,,2026-06-01 22:58:16.164845+00,,,,065,t,DERIVADOS ALIMENTICIOS DEL BAJIO
378a8673-821f-491b-8054-a22d9478d96f,00000000-0000-0000-0000-00000000d01c,NUEVA WALMART DE MEXICO  S DE RL DE CV,t,0,2026-06-01 22:58:16.164845+00,,2026-06-01 22:58:16.164845+00,,,,068,t,NUEVA WALMART DE MEXICO
366adf20-4e7f-414b-abff-0b91968f806a,00000000-0000-0000-0000-00000000d01c,FABRICA DE DULCES Y CHOCOLATES LA ESPERANZA SA,t,0,2026-06-01 22:58:16.164845+00,,2026-06-01 22:58:16.164845+00,,,,069,t,FABRICA DE DULCES Y CHOCOLATES LA ESPERANZA
5888e49a-8ddb-4b0d-abec-fb61d4808a9a,00000000-0000-0000-0000-00000000d01c,RIGOBERTO PALO P/PIÑATA,t,0,2026-06-01 22:58:16.164845+00,,2026-06-01 22:58:16.164845+00,,,,070,t,RIGOBERTO PALO P/PIÑATA
26f8eca4-27d7-4175-a191-7ea6cee38b59,00000000-0000-0000-0000-00000000d01c,PROCESADORA DE ALIMENTOS CALE,t,0,2026-06-01 22:58:16.164845+00,,2026-06-01 22:58:16.164845+00,,,,071,t,PROCESADORA DE ALIMENTOS CALE
ca399120-f7cf-498c-ae78-e890d1588c05,00000000-0000-0000-0000-00000000d01c,JOSE HECTOR MARQUEZ MARTINEZ,t,0,2026-06-01 22:58:16.164845+00,,2026-06-01 22:58:16.164845+00,,,,0711,t,JOSE HECTOR MARQUEZ MARTINEZ
4d9ac859-73cb-4f9c-a3f3-d530717017da,00000000-0000-0000-0000-00000000d01c,GALLETAS CARMELITA SA DE CV,t,0,2026-06-01 22:58:16.164845+00,,2026-06-01 22:58:16.164845+00,,,,072,t,GALLETAS CARMELITA
211df8fa-1521-45b4-99c8-e025cdda52f1,00000000-0000-0000-0000-00000000d01c,DIONICIO CALDERON,t,0,2026-06-01 22:58:16.164845+00,,2026-06-01 22:58:16.164845+00,,,,076,t,DIONICIO CALDERON
ced2d695-00b4-4d38-abe2-0479c2eccef1,00000000-0000-0000-0000-00000000d01c,TOSTADAS GUADALUPE SA DECV,t,0,2026-06-01 22:58:16.164845+00,,2026-06-01 22:58:16.164845+00,,,,079,t,TOSTADAS GUADALUPE SA DECV
9c4e4948-8e14-4f61-b7a1-e91a074328e9,00000000-0000-0000-0000-00000000d01c,PRODUCTOS DE LECHE VALKY SA DE CV,t,0,2026-06-01 22:58:16.164845+00,,2026-06-01 22:58:16.164845+00,,,,0822,t,PRODUCTOS DE LECHE VALKY
a056c721-257a-4d3b-a5a8-e3f93f54421c,00000000-0000-0000-0000-00000000d01c,BEATRIZ LARA SANDOVAL,t,0,2026-06-01 22:58:16.164845+00,,2026-06-01 22:58:16.164845+00,,,,084,t,BEATRIZ LARA SANDOVAL
8f1662c3-991b-44b3-815c-4edc2c99abf1,00000000-0000-0000-0000-00000000d01c,PERFETTI VAN MELLE MEXICO SA DE CV,t,0,2026-06-01 22:58:16.164845+00,,2026-06-01 22:58:16.164845+00,,,,087,t,PERFETTI VAN MELLE MEXICO
03a5eb7f-3f43-46ed-bf3b-b60a1734df38,00000000-0000-0000-0000-00000000d01c,SWEETS DIMENSION SA DE CV,t,0,2026-06-01 22:58:16.164845+00,,2026-06-01 22:58:16.164845+00,,,,121,t,SWEETS DIMENSION
a2e03f96-7ce9-47b2-8f4e-0f976aabbd66,00000000-0000-0000-0000-00000000d01c,CHOCOLATES TURIN S.A. DE C.V.,t,0,2026-06-01 22:58:16.164845+00,,2026-06-01 22:58:16.164845+00,,,,123,t,CHOCOLATES TURIN
34225d09-be53-4fd4-b078-36560a00ffaf,00000000-0000-0000-0000-00000000d01c,DULCES NICO,t,0,2026-06-01 22:58:16.164845+00,,2026-06-01 22:58:16.164845+00,,,,130,t,DULCES NICO
c76f60b9-2336-4747-bea6-31cad63f5f78,00000000-0000-0000-0000-00000000d01c,DULMAR DISTRIBUCIONES SA DE CV,t,0,2026-06-01 22:58:16.164845+00,,2026-06-01 22:58:16.164845+00,,,,088,t,DULMAR DISTRIBUCIONES
ec5936ef-ce5f-4426-9b27-1db86d537cab,00000000-0000-0000-0000-00000000d01c,FRITURAS Y BOTANAS LIQUIS,t,0,2026-06-01 22:58:16.164845+00,,2026-06-01 22:58:16.164845+00,,,,089,t,FRITURAS Y BOTANAS LIQUIS
ebe0f589-9860-49c3-8d57-9d45c2a6e0ea,00000000-0000-0000-0000-00000000d01c,MARISOL GARCIA HERREJON,t,0,2026-06-01 22:58:16.164845+00,,2026-06-01 22:58:16.164845+00,,,,091,t,MARISOL GARCIA HERREJON
7f11dd69-cf24-4705-a335-772c37f02c37,00000000-0000-0000-0000-00000000d01c,SABOR Y ALEGRIA SA DE CV,t,0,2026-06-01 22:58:16.164845+00,,2026-06-01 22:58:16.164845+00,,,,092,t,SABOR Y ALEGRIA
69213937-8f26-45a2-9c4f-2ef4b6b9a2fe,00000000-0000-0000-0000-00000000d01c,NEZE COMERCIALIZADORA SA DE CV,t,0,2026-06-01 22:58:16.164845+00,,2026-06-03 15:00:00.594735+00,,,,0501,t,NEZE COMERCIALIZADORA
6d5ac30f-b37c-42c0-89d8-c644f9e0b0b8,00000000-0000-0000-0000-00000000d01c,DULCES TIPICOS SR. SIMON,t,0,2026-06-01 22:58:16.164845+00,,2026-06-01 22:58:16.164845+00,,,,094,t,DULCES TIPICOS SR. SIMON
005f2511-526d-405a-97bd-025be0d74220,00000000-0000-0000-0000-00000000d01c,AMSCAN DE MEXICO SA DE CV,t,0,2026-06-01 22:58:16.164845+00,,2026-06-01 22:58:16.164845+00,,,,096,t,AMSCAN DE MEXICO
597335fd-f768-46a5-a34e-e0707375094e,00000000-0000-0000-0000-00000000d01c,NUTRIDULCES DE MORELOS S.A DE C.V,t,0,2026-06-01 22:58:16.164845+00,,2026-06-01 22:58:16.164845+00,,,,097,t,NUTRIDULCES DE MORELOS
ea8039f3-5429-4272-b359-7dcb09a28588,00000000-0000-0000-0000-00000000d01c,MARIO ALBERTO RODRIGUEZ HERNANDEZ,t,0,2026-06-01 22:58:16.164845+00,,2026-06-01 22:58:16.164845+00,,,,098,t,MARIO ALBERTO RODRIGUEZ HERNANDEZ
52d0c05a-9a24-4d8d-86b5-236dfc8cd4d4,00000000-0000-0000-0000-00000000d01c,JORGE PEREZ RAMIREZ,t,0,2026-06-01 22:58:16.164845+00,,2026-06-01 22:58:16.164845+00,,,,102,t,JORGE PEREZ RAMIREZ
57af0313-70b3-464d-ad03-ec5063700627,00000000-0000-0000-0000-00000000d01c,COMERCIALIZADORA ELORO SA DE CV,t,0,2026-06-01 22:58:16.164845+00,,2026-06-01 22:58:16.164845+00,,,,103,t,COMERCIALIZADORA ELORO
66265646-6564-4a4b-8e36-784756e59a91,00000000-0000-0000-0000-00000000d01c,PRODUCTOS GARZETA SA DE CV,t,0,2026-06-01 22:58:16.164845+00,,2026-06-01 22:58:16.164845+00,,,,104,t,PRODUCTOS GARZETA
b245b818-eb26-493e-a689-e034f730b880,00000000-0000-0000-0000-00000000d01c,CONOS CON MALVAVISCO LA TAPATIA SA DE CV,t,0,2026-06-01 22:58:16.164845+00,,2026-06-01 22:58:16.164845+00,,,,109,t,CONOS CON MALVAVISCO LA TAPATIA
2f42ab7f-cfca-4489-81d6-b9c8883782ee,00000000-0000-0000-0000-00000000d01c,INTER CANDY SA DE CV,t,0,2026-06-01 22:58:16.164845+00,,2026-06-01 22:58:16.164845+00,,,,110,t,INTER CANDY
ea991d17-97b3-45bf-ac7a-44acaf4d78e7,00000000-0000-0000-0000-00000000d01c,OBLEAS FIGURAS,t,0,2026-06-01 22:58:16.164845+00,,2026-06-01 22:58:16.164845+00,,,,114,t,OBLEAS FIGURAS
2028865e-7095-47dd-bed7-c5e3a121857d,00000000-0000-0000-0000-00000000d01c,JOSE ALFONSO GONZALES AYALA,t,0,2026-06-01 22:58:16.164845+00,,2026-06-01 22:58:16.164845+00,,,,115,t,JOSE ALFONSO GONZALES AYALA
1056fa36-507a-432e-8672-65339e5c1110,00000000-0000-0000-0000-00000000d01c,BOTANAS Y DERIVADOS BYDSA,t,0,2026-06-01 22:58:16.164845+00,,2026-06-01 22:58:16.164845+00,,,,120,t,BOTANAS Y DERIVADOS BYDSA
647f9ff7-7603-441d-b17c-15fa3fb0b5f1,00000000-0000-0000-0000-00000000d01c,RIFA ROSI,t,0,2026-06-01 22:58:16.164845+00,,2026-06-01 22:58:16.164845+00,,,,025,f,RIFA ROSI
e220c2a1-06b6-4b69-9c69-b6fbf7a4b95c,00000000-0000-0000-0000-00000000d01c,DIST CABADAS DE LA PIEDAD SA DE CV,t,0,2026-06-01 22:58:16.164845+00,,2026-06-01 22:58:16.164845+00,,,,126,t,DIST CABADAS DE LA PIEDAD
b96d6299-21d1-427f-a405-e2e5f87bd6d7,00000000-0000-0000-0000-00000000d01c,ARBOLSA,t,0,2026-06-01 22:58:16.164845+00,,2026-06-01 22:58:16.164845+00,,,,620,t,ARBOLSA
a5ccd7c7-bb73-41b3-9cd0-24edd8457ca2,00000000-0000-0000-0000-00000000d01c,CONSERVAS LA COSTEÑA (CHILES) S.A. DE C.V.,t,0,2026-06-01 22:58:16.164845+00,,2026-06-01 22:58:16.164845+00,,,,128,t,CONSERVAS LA COSTEÑA (CHILES)
3865ac7f-4746-40bf-8d4b-214655814bba,00000000-0000-0000-0000-00000000d01c,D´CHAPIS,t,0,2026-06-01 22:58:16.164845+00,,2026-06-01 22:58:16.164845+00,,,,131,t,D´CHAPIS
6ad3bb57-c3d2-4205-b510-0e44cc9ab73e,00000000-0000-0000-0000-00000000d01c,PRODUCTOS ALIMENTICIOS LA MODERNA S.A. DE C.V.,t,0,2026-06-01 22:58:16.164845+00,,2026-06-01 22:58:16.164845+00,,,,134,t,PRODUCTOS ALIMENTICIOS LA MODERNA
7203f5de-4364-4f42-9efa-35a3d59b5597,00000000-0000-0000-0000-00000000d01c,CHOCOLATES LUSSEL S.A. DE C.V.,t,0,2026-06-01 22:58:16.164845+00,,2026-06-01 22:58:16.164845+00,,,,137,t,CHOCOLATES LUSSEL
28b27ecb-be20-47a0-b838-6d0e71c15c08,00000000-0000-0000-0000-00000000d01c,COSPOR DISTRIBUCIONES S.A. DE C.V.,t,0,2026-06-01 22:58:16.164845+00,,2026-06-01 22:58:16.164845+00,,,,139,t,COSPOR DISTRIBUCIONES
f36060de-7aed-4233-93c5-fb78d05452c9,00000000-0000-0000-0000-00000000d01c,PAPAS JARYS,t,0,2026-06-01 22:58:16.164845+00,,2026-06-01 22:58:16.164845+00,,,,140,t,PAPAS JARYS
22406014-d78b-403a-8e2b-80f8ae7ac7d1,00000000-0000-0000-0000-00000000d01c,JOSE HERNANDEZ JIMENEZ,t,0,2026-06-01 22:58:16.164845+00,,2026-06-01 22:58:16.164845+00,,,,143,t,JOSE HERNANDEZ JIMENEZ
ae954aa6-219b-4b9c-8907-0af255b883dc,00000000-0000-0000-0000-00000000d01c,PAPAS DEL HOGAR,t,0,2026-06-01 22:58:16.164845+00,,2026-06-01 22:58:16.164845+00,,,,144,t,PAPAS DEL HOGAR
90560b1b-3f12-44fd-a168-22e046de11db,00000000-0000-0000-0000-00000000d01c,FRITURA SR. PAPA,t,0,2026-06-01 22:58:16.164845+00,,2026-06-01 22:58:16.164845+00,,,,148,t,FRITURA SR. PAPA
5ef2e013-855d-413f-bcba-4d06fb0791b3,00000000-0000-0000-0000-00000000d01c,NUEVA WAL MART DE MEXICO,t,0,2026-06-01 22:58:16.164845+00,,2026-06-01 22:58:16.164845+00,,,,149,t,NUEVA WAL MART DE MEXICO
4eaa0c3c-db11-452a-a50c-289cdb64f402,00000000-0000-0000-0000-00000000d01c,LAURA HERREJON RODRIGUEZ,t,0,2026-06-01 22:58:16.164845+00,,2026-06-01 22:58:16.164845+00,,,,150,t,LAURA HERREJON RODRIGUEZ
c5fa5612-06a7-47cd-8357-6bcaef480736,00000000-0000-0000-0000-00000000d01c,JOSE URIEL GUERRERO FUENTES,t,0,2026-06-01 22:58:16.164845+00,,2026-06-01 22:58:16.164845+00,,,,151,t,JOSE URIEL GUERRERO FUENTES
c6e2c25a-ff2d-4704-8d17-6ee158523257,00000000-0000-0000-0000-00000000d01c,EL FAROLITO,t,0,2026-06-01 22:58:16.164845+00,,2026-06-01 22:58:16.164845+00,,,,154,t,EL FAROLITO
fb1faf79-5a2e-477b-a822-e24081b61c6b,00000000-0000-0000-0000-00000000d01c,FABRICACION Y DISTRIBUCION  DE PALILLO,t,0,2026-06-01 22:58:16.164845+00,,2026-06-01 22:58:16.164845+00,,,,155,t,FABRICACION Y DISTRIBUCION  DE PALILLO
979535ed-7b9f-45ec-a6c2-e79eeda86b04,00000000-0000-0000-0000-00000000d01c,COMERCIALIZADORA DULCERA DE ABASTOS S.A. DE C.V.,t,0,2026-06-01 22:58:16.164845+00,,2026-06-01 22:58:16.164845+00,,,,157,t,COMERCIALIZADORA DULCERA DE ABASTOS
8a7ea0ce-eece-4a96-993f-34dc47efdf65,00000000-0000-0000-0000-00000000d01c,OBLEA MONARCA,t,0,2026-06-01 22:58:16.164845+00,,2026-06-01 22:58:16.164845+00,,,,159,t,OBLEA MONARCA
85fc9e55-9468-4ca0-af23-dedaf40fcd2b,00000000-0000-0000-0000-00000000d01c,PLASTICORVE,t,0,2026-06-01 22:58:16.164845+00,,2026-06-01 22:58:16.164845+00,,,,161,t,PLASTICORVE
632cd4e4-a6a4-47f3-90e5-6aa98c082a9d,00000000-0000-0000-0000-00000000d01c,EFFEM MEXICO INC. Y COMPAÑÍAS EN N.C DE CV,t,0,2026-06-01 22:58:16.164845+00,,2026-06-01 22:58:16.164845+00,,,,162,t,EFFEM MEXICO INC. Y COMPAÑÍAS EN N.C DE CV
658dafbf-b5f7-4620-93d3-1e81f5a80a19,00000000-0000-0000-0000-00000000d01c,COMER. PEPSICO MEXICO S DE R L DE CV,t,0,2026-06-01 22:58:16.164845+00,,2026-06-01 22:58:16.164845+00,,,,164,t,COMER. PEPSICO MEXICO
b373878c-a1a6-4c33-bc5a-ee917f5fa6bb,00000000-0000-0000-0000-00000000d01c,DULCES KOKITO,t,0,2026-06-01 22:58:16.164845+00,,2026-06-01 22:58:16.164845+00,,,,166,t,DULCES KOKITO
319d54ea-f3ed-43eb-b57d-dda57de8c8f9,00000000-0000-0000-0000-00000000d01c,JOBA MENERA BARRERA,t,0,2026-06-01 22:58:16.164845+00,,2026-06-01 22:58:16.164845+00,,,,167,t,JOBA MENERA BARRERA
8c11e12c-b399-4ae6-8557-b4c471066e78,00000000-0000-0000-0000-00000000d01c,CUERITOS FRYEN,t,0,2026-06-01 22:58:16.164845+00,,2026-06-01 22:58:16.164845+00,,,,168,t,CUERITOS FRYEN
6d8603f2-d77a-422d-8814-66bcfa3bab43,00000000-0000-0000-0000-00000000d01c,RICARDO CARRIZALES,t,0,2026-06-01 22:58:16.164845+00,,2026-06-01 22:58:16.164845+00,,,,173,t,RICARDO CARRIZALES
727a68ac-121e-4558-9fb6-50c516c4ebbf,00000000-0000-0000-0000-00000000d01c,DULCES MICHO SA DE CV,t,0,2026-06-01 22:58:16.164845+00,,2026-06-01 22:58:16.164845+00,,,,189,t,DULCES MICHO
cae8a75e-e034-4968-9023-eb715c2ee31f,00000000-0000-0000-0000-00000000d01c,PRODUCTOS RICOLINO (GRANEL),t,0,2026-06-01 22:58:16.164845+00,,2026-06-01 22:58:16.164845+00,,,,192,t,PRODUCTOS RICOLINO (GRANEL)
f4f74e2e-0807-41af-a45d-7c169cc50bbc,00000000-0000-0000-0000-00000000d01c,DART DE MEXICO S DE RL DE CV,t,0,2026-06-01 22:58:16.164845+00,,2026-06-01 22:58:16.164845+00,,,,193,t,DART DE MEXICO
f379d92d-63ea-4296-b37d-c9ce16df5419,00000000-0000-0000-0000-00000000d01c,DON PALNQUETO S DE RL DE CV.,t,0,2026-06-01 22:58:16.164845+00,,2026-06-01 22:58:16.164845+00,,,,198,t,DON PALNQUETO
4db9b6f2-9437-4a69-ae8d-cda283ad6ab1,00000000-0000-0000-0000-00000000d01c,HUMBERTO PLASENCIA,t,0,2026-06-01 22:58:16.164845+00,,2026-06-01 22:58:16.164845+00,,,,199,t,HUMBERTO PLASENCIA
74d57a60-eae7-4375-8a00-de5e89bf84ef,00000000-0000-0000-0000-00000000d01c,VICTOR ANGUIANO GUZMAN,t,0,2026-06-01 22:58:16.164845+00,,2026-06-01 22:58:16.164845+00,,,,252,t,VICTOR ANGUIANO GUZMAN
2100ba44-b419-43bd-a714-d4526697b071,00000000-0000-0000-0000-00000000d01c,BOTANA BOKADOS,t,0,2026-06-01 22:58:16.164845+00,,2026-06-01 22:58:16.164845+00,,,,253,t,BOTANA BOKADOS
56afb2ed-10e7-4c26-92d6-aa6af4f8c7df,00000000-0000-0000-0000-00000000d01c,CLAUDIA MARIA HERNANDEZ LOPEZ,t,0,2026-06-01 22:58:16.164845+00,,2026-06-01 22:58:16.164845+00,,,,200,t,CLAUDIA MARIA HERNANDEZ LOPEZ
56582dca-382d-41c6-bfef-813c9c9dbede,00000000-0000-0000-0000-00000000d01c,BOTANAS MICHOACAN,t,0,2026-06-01 22:58:16.164845+00,,2026-06-01 22:58:16.164845+00,,,,201,t,BOTANAS MICHOACAN
d7655037-9434-4668-8bb0-0916c6c44560,00000000-0000-0000-0000-00000000d01c,RIFAS LA LOMBRIZ,t,0,2026-06-01 22:58:16.164845+00,,2026-06-01 22:58:16.164845+00,,,,204,t,RIFAS LA LOMBRIZ
d71fd0ab-7f58-45c3-8344-1f2386575177,00000000-0000-0000-0000-00000000d01c,BOTANAS PAU,t,0,2026-06-01 22:58:16.164845+00,,2026-06-01 22:58:16.164845+00,,,,205,t,BOTANAS PAU
4a0e90f8-4400-46cc-9b34-077ef327e40f,00000000-0000-0000-0000-00000000d01c,GUIILERMO ZAPIEN,t,0,2026-06-01 22:58:16.164845+00,,2026-06-01 22:58:16.164845+00,,,,206,t,GUIILERMO ZAPIEN
235cf32e-026a-469b-84e5-770c600c5ff2,00000000-0000-0000-0000-00000000d01c,CHURROS LOS BIGOTES,t,0,2026-06-01 22:58:16.164845+00,,2026-06-01 22:58:16.164845+00,,,,207,t,CHURROS LOS BIGOTES
ec8c843b-3120-4190-812f-2d414781ebbe,00000000-0000-0000-0000-00000000d01c,ECODELI COMERCIAL S.A. DE C.V.,t,0,2026-06-01 22:58:16.164845+00,,2026-06-01 22:58:16.164845+00,,,,210,t,ECODELI COMERCIAL
c97110a1-79d1-4934-9e94-ec85309f430a,00000000-0000-0000-0000-00000000d01c,SMMTY CUBIERTOS DE PLASTICO,t,0,2026-06-01 22:58:16.164845+00,,2026-06-01 22:58:16.164845+00,,,,212,t,SMMTY CUBIERTOS DE PLASTICO
100bb8cb-6130-4af1-8046-cd4dc4e8a44a,00000000-0000-0000-0000-00000000d01c,J. ROBERTO CASTILLO MENDOZA,t,0,2026-06-01 22:58:16.164845+00,,2026-06-01 22:58:16.164845+00,,,,218,t,J. ROBERTO CASTILLO MENDOZA
7688f1b9-9a1a-419b-92ed-a7be6e8d3c78,00000000-0000-0000-0000-00000000d01c,JOSE LUIS MENDOZA M.,t,0,2026-06-01 22:58:16.164845+00,,2026-06-01 22:58:16.164845+00,,,,221,t,JOSE LUIS MENDOZA M
f4ee5ca9-63fa-41ab-b18f-5fde391f0fb0,00000000-0000-0000-0000-00000000d01c,ALEJANDRO ROMERO,t,0,2026-06-01 22:58:16.164845+00,,2026-06-01 22:58:16.164845+00,,,,222,t,ALEJANDRO ROMERO
185749bd-86a5-43e1-b222-f1298da60202,00000000-0000-0000-0000-00000000d01c,PALETAS ALMA,t,0,2026-06-01 22:58:16.164845+00,,2026-06-01 22:58:16.164845+00,,,,223,t,PALETAS ALMA
7224caa5-f72e-4e5c-b232-0f4ee26ff853,00000000-0000-0000-0000-00000000d01c,PRODUCTOS INDY SA DE CV,t,0,2026-06-01 22:58:16.164845+00,,2026-06-01 22:58:16.164845+00,,,,224,t,PRODUCTOS INDY
43318e5a-7719-4f73-9aa8-3f37f89c02f4,00000000-0000-0000-0000-00000000d01c,PALETAS MARA SA DE CV,t,0,2026-06-01 22:58:16.164845+00,,2026-06-01 22:58:16.164845+00,,,,227,t,PALETAS MARA
00738d97-7fd5-4486-9764-315cf758d8b1,00000000-0000-0000-0000-00000000d01c,DISTRIBUIDORA DE DULCES TRIBILIN,t,0,2026-06-01 22:58:16.164845+00,,2026-06-01 22:58:16.164845+00,,,,228,t,DISTRIBUIDORA DE DULCES TRIBILIN
83bd32c4-e0a6-4dfe-9c27-4ebe54ae7e5a,00000000-0000-0000-0000-00000000d01c,GRUPO CONFITERO ELIZARRARAZ,t,0,2026-06-01 22:58:16.164845+00,,2026-06-01 22:58:16.164845+00,,,,229,t,GRUPO CONFITERO ELIZARRARAZ
86c29e4f-b35b-4345-a201-c7fc8bd0210f,00000000-0000-0000-0000-00000000d01c,GUILLERMO LOPEZ GUTIERREZ,t,0,2026-06-01 22:58:16.164845+00,,2026-06-01 22:58:16.164845+00,,,,230,t,GUILLERMO LOPEZ GUTIERREZ
74d73bdc-cbd2-4bf4-b5e4-853dd36cc13c,00000000-0000-0000-0000-00000000d01c,SWEET WISHES INTERNATIONAL,t,0,2026-06-01 22:58:16.164845+00,,2026-06-01 22:58:16.164845+00,,,,232,t,SWEET WISHES INTERNATIONAL
28040a88-080b-4fcb-9c97-7e88ea5dfdaf,00000000-0000-0000-0000-00000000d01c,REYHER COMERCIALIZADORA,t,0,2026-06-01 22:58:16.164845+00,,2026-06-01 22:58:16.164845+00,,,,236,t,REYHER COMERCIALIZADORA
790eab84-a526-4e3d-ae95-f3bf7d07ed53,00000000-0000-0000-0000-00000000d01c,BARQUILLOS Y  DULCES D ELIZ  SA DE CV,t,0,2026-06-01 22:58:16.164845+00,,2026-06-01 22:58:16.164845+00,,,,237,t,BARQUILLOS Y  DULCES D ELIZ
bf8da759-c406-4fc1-bf5c-05ce4f771bee,00000000-0000-0000-0000-00000000d01c,SALSA HABANERA DON LIOBA,t,0,2026-06-01 22:58:16.164845+00,,2026-06-01 22:58:16.164845+00,,,,240,t,SALSA HABANERA DON LIOBA
f9b7cad0-335c-4d28-ac66-dd38058d47b1,00000000-0000-0000-0000-00000000d01c,Ismael Rivera  Mosqueda,t,0,2026-06-01 22:58:16.164845+00,,2026-06-01 22:58:16.164845+00,,,,241,t,Ismael Rivera  Mosqueda
0ee5b6cc-d193-4b7d-954c-f846eb7565d1,00000000-0000-0000-0000-00000000d01c,MERENGUE LA MORENITA,t,0,2026-06-01 22:58:16.164845+00,,2026-06-01 22:58:16.164845+00,,,,242,t,MERENGUE LA MORENITA
a5b52122-2eb9-489e-b7a1-9a829055696a,00000000-0000-0000-0000-00000000d01c,DULCERIA DE LOS ALTOS SA DE CV,t,0,2026-06-01 22:58:16.164845+00,,2026-06-01 22:58:16.164845+00,,,,244,t,DULCERIA DE LOS ALTOS
6bc61a5d-3e90-45cf-ba77-f724ad9a7f58,00000000-0000-0000-0000-00000000d01c,GRUPO ZORRO ABARROTERO,t,0,2026-06-01 22:58:16.164845+00,,2026-06-01 22:58:16.164845+00,,,,245,t,GRUPO ZORRO ABARROTERO
9bb85c82-e2ba-4839-a8a4-59c753d65e83,00000000-0000-0000-0000-00000000d01c,EDUARDO CORTES ADAME,t,0,2026-06-01 22:58:16.164845+00,,2026-06-01 22:58:16.164845+00,,,,248,t,EDUARDO CORTES ADAME
29c30a6b-16bc-40b0-86fb-bdf47eceeb64,00000000-0000-0000-0000-00000000d01c,Fernando Gutierrez Rodriguez,t,0,2026-06-01 22:58:16.164845+00,,2026-06-01 22:58:16.164845+00,,,,249,t,Fernando Gutierrez Rodriguez
fe6c972f-c8b2-4fd9-bd30-1d57e75cfa55,00000000-0000-0000-0000-00000000d01c,UNIDAL MEXICO SA DE CV,t,0,2026-06-01 22:58:16.164845+00,,2026-06-01 22:58:16.164845+00,,,,251,t,UNIDAL MEXICO
0c83794e-19d1-4b5d-b321-2d1b056db0e1,00000000-0000-0000-0000-00000000d01c,POLIETILENOS DEL CENTRO S.A DE C.V.,t,0,2026-06-01 22:58:16.164845+00,,2026-06-01 22:58:16.164845+00,,,,197,f,POLIETILENOS DEL CENTRO
1a785f60-b7c3-4ad6-b345-b5d5d99da5ec,00000000-0000-0000-0000-00000000d01c,GRUPO BOTANERO ALTEÑO SA DE CV,t,0,2026-06-01 22:58:16.164845+00,,2026-06-01 22:58:16.164845+00,,,,256,t,GRUPO BOTANERO ALTEÑO
9905fccf-3c9d-4c16-a7cd-a8fdae79f9f7,00000000-0000-0000-0000-00000000d01c,PRODUCTOS AVILA SA DE CV,t,0,2026-06-01 22:58:16.164845+00,,2026-06-01 22:58:16.164845+00,,,,257,t,PRODUCTOS AVILA
8ca321d3-510e-49ec-a0f9-581df119cb56,00000000-0000-0000-0000-00000000d01c,RAMON SANDOVAL,t,0,2026-06-01 22:58:16.164845+00,,2026-06-01 22:58:16.164845+00,,,,260,t,RAMON SANDOVAL
39ff0b6d-edd2-489d-8862-6939735ca312,00000000-0000-0000-0000-00000000d01c,MA. LOURDES SANCHEZ ARREOLA,t,0,2026-06-01 22:58:16.164845+00,,2026-06-01 22:58:16.164845+00,,,,262,t,MA. LOURDES SANCHEZ ARREOLA
33678c0a-f5b1-4a65-9c73-1189550e4766,00000000-0000-0000-0000-00000000d01c,BOTANAS Y FRITURAS PEREZ,t,0,2026-06-01 22:58:16.164845+00,,2026-06-01 22:58:16.164845+00,,,,265,t,BOTANAS Y FRITURAS PEREZ
f21f59f4-6c07-49de-922f-0b8a4eca78b0,00000000-0000-0000-0000-00000000d01c,OCTAVIO CORTES ADAME,t,0,2026-06-01 22:58:16.164845+00,,2026-06-01 22:58:16.164845+00,,,,269,t,OCTAVIO CORTES ADAME
78b5b2f6-92f4-4f60-ab7b-124db2df1875,00000000-0000-0000-0000-00000000d01c,MA. CONCEPCION GUTIERREZ RIVAS,t,0,2026-06-01 22:58:16.164845+00,,2026-06-01 22:58:16.164845+00,,,,270,t,MA. CONCEPCION GUTIERREZ RIVAS
2db6ee33-265e-42b2-971d-36d49972ceb3,00000000-0000-0000-0000-00000000d01c,ESTRELLA DORADA,t,0,2026-06-01 22:58:16.164845+00,,2026-06-01 22:58:16.164845+00,,,,272,t,ESTRELLA DORADA
54dcc30f-9f64-46d0-b1eb-23e56a7a76e6,00000000-0000-0000-0000-00000000d01c,BARQUILLOS LUVIANO,t,0,2026-06-01 22:58:16.164845+00,,2026-06-01 22:58:16.164845+00,,,,275,t,BARQUILLOS LUVIANO
c8ce778f-72fb-4bad-8fa0-2709562bb25e,00000000-0000-0000-0000-00000000d01c,GRACIELA ANGELICA TOPETE DAVILA,t,0,2026-06-01 22:58:16.164845+00,,2026-06-01 22:58:16.164845+00,,,,276,t,GRACIELA ANGELICA TOPETE DAVILA
0db4a153-2120-4542-a961-2f171ee72525,00000000-0000-0000-0000-00000000d01c,RICOLINO S.A. DE C.V.,t,0,2026-06-01 22:58:16.164845+00,,2026-06-01 22:58:16.164845+00,,,,277,t,RICOLINO
40bcfd42-3956-4d00-89f2-0caf6f63a696,00000000-0000-0000-0000-00000000d01c,PLASTICORTES,t,0,2026-06-01 22:58:16.164845+00,,2026-06-01 22:58:16.164845+00,,,,281,t,PLASTICORTES
d9a0be36-a774-4ff3-b1d4-2a5b4c5ac0ca,00000000-0000-0000-0000-00000000d01c,FANTASIA 2000 SA DE CV,t,0,2026-06-01 22:58:16.164845+00,,2026-06-01 22:58:16.164845+00,,,,284,t,FANTASIA 2000
08e8d1c7-67b3-4e09-b3d9-e463a56292cc,00000000-0000-0000-0000-00000000d01c,DISTRIBUIDORA DE LA ROSA SA DE CV,t,0,2026-06-01 22:58:16.164845+00,,2026-06-01 22:58:16.164845+00,,,,285,t,DISTRIBUIDORA DE LA ROSA
a96933bc-e2a8-4e22-891e-6e739d68ffa7,00000000-0000-0000-0000-00000000d01c,FABRICA DE DULCES RAVI S.A.DE C.V.,t,0,2026-06-01 22:58:16.164845+00,,2026-06-01 22:58:16.164845+00,,,,289,t,FABRICA DE DULCES RAVI
cad777cf-2c4c-4031-acb1-21df760582ab,00000000-0000-0000-0000-00000000d01c,HUBIN,t,0,2026-05-26 17:19:39.303264+00,,2026-06-01 22:58:16.164845+00,,,,290,t,HUBIN
58852772-84dd-46e1-a4b3-0db8f157ee71,00000000-0000-0000-0000-00000000d01c,PRODUCTOS FRUTI FRESK DE ARANDAS SA DE CV,t,0,2026-06-01 22:58:16.164845+00,,2026-06-01 22:58:16.164845+00,,,,291,t,PRODUCTOS FRUTI FRESK DE ARANDAS
40b09de4-d34c-4546-a507-b6228820eeab,00000000-0000-0000-0000-00000000d01c,GRUPO INDUSTRIAL SWEETS SA DE CV,t,0,2026-06-01 22:58:16.164845+00,,2026-06-01 22:58:16.164845+00,,,,292,t,GRUPO INDUSTRIAL SWEETS
cd25d844-6bbb-4ee7-ba15-58c241c15b34,00000000-0000-0000-0000-00000000d01c,AURRORA ARRIETA,t,0,2026-06-01 22:58:16.164845+00,,2026-06-01 22:58:16.164845+00,,,,293,t,AURRORA ARRIETA
aadd0f4b-3004-451e-afc4-965c7a1631e5,00000000-0000-0000-0000-00000000d01c,JOSE MIGUEL GARCIA GARCIA,t,0,2026-06-01 22:58:16.164845+00,,2026-06-01 22:58:16.164845+00,,,,296,t,JOSE MIGUEL GARCIA GARCIA
f8ff2932-d0a2-4c24-8dc2-a9ff032b0789,00000000-0000-0000-0000-00000000d01c,AZTECA CONFITERIA S.A DE CV,t,0,2026-06-01 22:58:16.164845+00,,2026-06-01 22:58:16.164845+00,,,,359,t,AZTECA CONFITERIA
ecbb7600-3829-46da-b9c9-4361d0cd5496,00000000-0000-0000-0000-00000000d01c,ETIQUETAS,t,0,2026-06-01 22:58:16.164845+00,,2026-06-01 22:58:16.164845+00,,,,364,t,ETIQUETAS
5cf89a61-a9bc-49e9-b22f-92a55e73b78d,00000000-0000-0000-0000-00000000d01c,ALICIA ARIAS ACEVES,t,0,2026-06-01 22:58:16.164845+00,,2026-06-01 22:58:16.164845+00,,,,365,t,ALICIA ARIAS ACEVES
c82d8143-4227-4eb2-81ad-98a121259dda,00000000-0000-0000-0000-00000000d01c,EDWIN RAFAEL LUVIANO ARZOLA,t,0,2026-06-01 22:58:16.164845+00,,2026-06-01 22:58:16.164845+00,,,,375,t,EDWIN RAFAEL LUVIANO ARZOLA
37915b4c-8adc-495f-9b8e-1ce5f52ebe13,00000000-0000-0000-0000-00000000d01c,LA SUIZA,t,0,2026-06-01 22:58:16.164845+00,,2026-06-01 22:58:16.164845+00,,,,297,t,LA SUIZA
f59de291-064c-4a22-a23a-6266964e2b8c,00000000-0000-0000-0000-00000000d01c,K- BOTANAS,t,0,2026-06-01 22:58:16.164845+00,,2026-06-01 22:58:16.164845+00,,,,299,t,K- BOTANAS
045b1414-cb2d-4cb0-8023-be993118a915,00000000-0000-0000-0000-00000000d01c,ROMPOPE SANTA SOFIA,t,0,2026-06-01 22:58:16.164845+00,,2026-06-01 22:58:16.164845+00,,,,300,t,ROMPOPE SANTA SOFIA
22659064-e49b-4bd2-9c73-467921aff1d0,00000000-0000-0000-0000-00000000d01c,DE MAMÁ GOURMET,t,0,2026-06-01 22:58:16.164845+00,,2026-06-01 22:58:16.164845+00,,,,302,t,DE MAMÁ GOURMET
592977bb-21fd-4b7b-a7b3-9b3a7e1ba5fc,00000000-0000-0000-0000-00000000d01c,DISTRIBUIDORA DE DULCES ALDAMA,t,0,2026-06-01 22:58:16.164845+00,,2026-06-01 22:58:16.164845+00,,,,303,t,DISTRIBUIDORA DE DULCES ALDAMA
36a82674-d997-4abc-a446-2d227bbaa64c,00000000-0000-0000-0000-00000000d01c,DULCES ROBELIS,t,0,2026-06-01 22:58:16.164845+00,,2026-06-01 22:58:16.164845+00,,,,304,t,DULCES ROBELIS
8c99106c-a939-42e9-9b7c-9c6e9957fcfa,00000000-0000-0000-0000-00000000d01c,FEMSA,t,0,2026-06-01 22:58:16.164845+00,,2026-06-01 22:58:16.164845+00,,,,305,t,FEMSA
0f41087b-70c5-48b8-92f5-e40247840914,00000000-0000-0000-0000-00000000d01c,MERCATURAM PRODUCTOS DESECHABLES,t,0,2026-06-01 22:58:16.164845+00,,2026-06-01 22:58:16.164845+00,,,,307,t,MERCATURAM PRODUCTOS DESECHABLES
69f85158-299e-457a-a17e-65779eb9ca84,00000000-0000-0000-0000-00000000d01c,PATYLETA,t,0,2026-06-01 22:58:16.164845+00,,2026-06-01 22:58:16.164845+00,,,,449,t,PATYLETA
124a17ea-e564-464d-842c-67d64632500a,00000000-0000-0000-0000-00000000d01c,FABRICA DE DULCES DON VASCO DE MORELIA SA DE CV,t,0,2026-06-01 22:58:16.164845+00,,2026-06-01 22:58:16.164845+00,,,,308,t,FABRICA DE DULCES DON VASCO DE MORELIA
f3756dad-020b-40b5-a5e5-0c89198e0827,00000000-0000-0000-0000-00000000d01c,ALUPLASTIC,t,0,2026-06-01 22:58:16.164845+00,,2026-06-01 22:58:16.164845+00,,,,310,t,ALUPLASTIC
feacf14f-4cb9-40c5-a1f8-4f8c24c56c96,00000000-0000-0000-0000-00000000d01c,KING INTERNACIONAL DESECHABLES,t,0,2026-06-01 22:58:16.164845+00,,2026-06-01 22:58:16.164845+00,,,,311,t,KING INTERNACIONAL DESECHABLES
55d377a4-46d4-41fa-a6b1-3be79d5c1834,00000000-0000-0000-0000-00000000d01c,Alegria de Guadalajara S.A de C.V,t,0,2026-06-01 22:58:16.164845+00,,2026-06-01 22:58:16.164845+00,,,,313,t,Alegria de Guadalajara
d0afeda3-5e48-4500-8cb6-43f930e90398,00000000-0000-0000-0000-00000000d01c,TECNICA MEXICANA DE ALIMENTACION SA DE CV,t,0,2026-06-01 22:58:16.164845+00,,2026-06-01 22:58:16.164845+00,,,,317,t,TECNICA MEXICANA DE ALIMENTACION
58e426ec-3542-426e-8f5d-8f9ac66ae94b,00000000-0000-0000-0000-00000000d01c,OBLEAS SAHUAYO,t,0,2026-06-01 22:58:16.164845+00,,2026-06-01 22:58:16.164845+00,,,,318,t,OBLEAS SAHUAYO
996d633e-cecc-402d-89d0-0dbc18f7d8e0,00000000-0000-0000-0000-00000000d01c,PURATOS DE MEXICO,t,0,2026-06-01 22:58:16.164845+00,,2026-06-01 22:58:16.164845+00,,,,319,t,PURATOS DE MEXICO
2867c822-0b55-41a7-ba37-b7eb3ce061ca,00000000-0000-0000-0000-00000000d01c,ALGODONES MUNDO DE CARAMELO,t,0,2026-06-01 22:58:16.164845+00,,2026-06-01 22:58:16.164845+00,,,,320,t,ALGODONES MUNDO DE CARAMELO
a139ce9a-8c5a-40ac-9855-828cd8a1c0c0,00000000-0000-0000-0000-00000000d01c,ENRIQUE LEON DOMINGUEZ,t,0,2026-06-01 22:58:16.164845+00,,2026-06-01 22:58:16.164845+00,,,,321,t,ENRIQUE LEON DOMINGUEZ
1c5a36bf-93f9-4aca-bf48-31b28cf1ebd2,00000000-0000-0000-0000-00000000d01c,DISTRIBUIDORA LEON DEL PACIFICO,t,0,2026-06-01 22:58:16.164845+00,,2026-06-01 22:58:16.164845+00,,,,323,t,DISTRIBUIDORA LEON DEL PACIFICO
19c5b815-6f2d-4335-82a3-10558a122b23,00000000-0000-0000-0000-00000000d01c,PROVAG SA DE CV,t,0,2026-06-01 22:58:16.164845+00,,2026-06-01 22:58:16.164845+00,,,,325,t,PROVAG
a3c6a4ee-d6d5-4af6-ab5d-06475f15b52d,00000000-0000-0000-0000-00000000d01c,COMERCIALIZADORA GONAC SA DE CV,t,0,2026-06-01 22:58:16.164845+00,,2026-06-01 22:58:16.164845+00,,,,326,t,COMERCIALIZADORA GONAC
28298146-e194-442e-b645-23024eec4652,00000000-0000-0000-0000-00000000d01c,DULCELICIAS,t,0,2026-06-01 22:58:16.164845+00,,2026-06-01 22:58:16.164845+00,,,,327,t,DULCELICIAS
91bc1919-d18d-4e68-abe6-0ca1f0f232ef,00000000-0000-0000-0000-00000000d01c,INDULMI,t,0,2026-06-01 22:58:16.164845+00,,2026-06-01 22:58:16.164845+00,,,,328,t,INDULMI
dfacb449-abcb-46b0-808e-3c55d1416098,00000000-0000-0000-0000-00000000d01c,DUL-TAM PAVITO SA DE CV,t,0,2026-06-01 22:58:16.164845+00,,2026-06-01 22:58:16.164845+00,,,,330,t,DUL-TAM PAVITO
1a6bb177-ef26-43d8-b978-9747c5c2bd1d,00000000-0000-0000-0000-00000000d01c,FIGURAS DE MADERA,t,0,2026-06-01 22:58:16.164845+00,,2026-06-01 22:58:16.164845+00,,,,332,t,FIGURAS DE MADERA
0ee53798-70ea-4f51-a81c-5f466b16a7dc,00000000-0000-0000-0000-00000000d01c,RICHARD LOPEZ LOPEZ,t,0,2026-06-01 22:58:16.164845+00,,2026-06-01 22:58:16.164845+00,,,,333,t,RICHARD LOPEZ LOPEZ
23e77eba-4bab-4683-aa0f-83d6cc12cc29,00000000-0000-0000-0000-00000000d01c,PRODUCTORA Y COMERC. DE PRODUCTOS S.A. DE C.V,t,0,2026-06-01 22:58:16.164845+00,,2026-06-01 22:58:16.164845+00,,,,334,t,PRODUCTORA Y COMERC. DE PRODUCTOS
cd768fc0-88c2-4b01-a534-b8991f6afb54,00000000-0000-0000-0000-00000000d01c,DULCES LAS DELICIAS SA DE CV,t,0,2026-06-01 22:58:16.164845+00,,2026-06-01 22:58:16.164845+00,,,,335,t,DULCES LAS DELICIAS
d440ebb7-03b9-4dde-8b5e-ae26aed6f1a3,00000000-0000-0000-0000-00000000d01c,RECIGREEN,t,0,2026-06-01 22:58:16.164845+00,,2026-06-01 22:58:16.164845+00,,,,338,t,RECIGREEN
7791f308-5684-435f-a008-0408ca08608e,00000000-0000-0000-0000-00000000d01c,LAS ORIGINALES,t,0,2026-06-01 22:58:16.164845+00,,2026-06-01 22:58:16.164845+00,,,,339,t,LAS ORIGINALES
6a8a5fb8-3661-4970-92ed-21bc6846f337,00000000-0000-0000-0000-00000000d01c,CEREALES,t,0,2026-06-01 22:58:16.164845+00,,2026-06-01 22:58:16.164845+00,,,,340,t,CEREALES
e29aecca-16e5-46bd-8745-a50125e0a120,00000000-0000-0000-0000-00000000d01c,FRUTI MICH,t,0,2026-06-01 22:58:16.164845+00,,2026-06-01 22:58:16.164845+00,,,,345,t,FRUTI MICH
f8863531-318b-4233-8157-92b4df26e82e,00000000-0000-0000-0000-00000000d01c,LALA,t,0,2026-06-01 22:58:16.164845+00,,2026-06-01 22:58:16.164845+00,,,,346,t,LALA
41bc08cf-bee5-4afb-9bf0-4ecc0d7030d6,00000000-0000-0000-0000-00000000d01c,BANDERUKAS DON ROBER,t,0,2026-06-01 22:58:16.164845+00,,2026-06-01 22:58:16.164845+00,,,,348,t,BANDERUKAS DON ROBER
9d3df355-9b20-4433-aa50-ce6097a55e2a,00000000-0000-0000-0000-00000000d01c,DISTRIBUIDORA BONDY FIESTA S.A. DE C.V,t,0,2026-06-01 22:58:16.164845+00,,2026-06-01 22:58:16.164845+00,,,,349,t,DISTRIBUIDORA BONDY FIESTA
8feda789-ea53-40f9-b8e7-58c68aad7c4c,00000000-0000-0000-0000-00000000d01c,ALCARRUZZ S DE RL DE CV,t,0,2026-06-01 22:58:16.164845+00,,2026-06-01 22:58:16.164845+00,,,,350,t,ALCARRUZZ
8b89c310-2ed3-4df6-b608-ee1384f64686,00000000-0000-0000-0000-00000000d01c,CONFITADOS DE LEON S.A DE C.V.,t,0,2026-06-01 22:58:16.164845+00,,2026-06-01 22:58:16.164845+00,,,,352,t,CONFITADOS DE LEON
ef6222d9-01fc-44c4-a123-f247d6f37b26,00000000-0000-0000-0000-00000000d01c,PRODUCTORA INTERNACIONAL DE BEBIDAS SA DE CV,t,0,2026-06-01 22:58:16.164845+00,,2026-06-01 22:58:16.164845+00,,,,353,t,PRODUCTORA INTERNACIONAL DE BEBIDAS
b9c1e00c-95b6-4ac6-a539-782891d7c6f6,00000000-0000-0000-0000-00000000d01c,SALSAS DON VASCO S.A DE C.V.,t,0,2026-06-01 22:58:16.164845+00,,2026-06-01 22:58:16.164845+00,,,,354,t,SALSAS DON VASCO
4b49722f-f34c-4508-9117-3b2b41668eab,00000000-0000-0000-0000-00000000d01c,CHARLY DISTRIBUCIONES,t,0,2026-06-01 22:58:16.164845+00,,2026-06-01 22:58:16.164845+00,,,,358,t,CHARLY DISTRIBUCIONES
df199b97-2c16-46e6-b770-8757d1104eff,00000000-0000-0000-0000-00000000d01c,BOLSAS DE LOS ALTOS S. DE R.L DE C.V.,t,0,2026-06-01 22:58:16.164845+00,,2026-06-01 22:58:16.164845+00,,,,283,f,BOLSAS DE LOS ALTOS
fd7bc255-3bf6-4aac-ac83-f41edbb0e5f8,00000000-0000-0000-0000-00000000d01c,J. JESUS GUZMAN ROMAN,t,0,2026-06-01 22:58:16.164845+00,,2026-06-01 22:58:16.164845+00,,,,385,t,J. JESUS GUZMAN ROMAN
d5b2746e-ecb5-4480-87d7-593058bb045e,00000000-0000-0000-0000-00000000d01c,JANEL,t,0,2026-06-01 22:58:16.164845+00,,2026-06-01 22:58:16.164845+00,,,,386,t,JANEL
22c108da-4aaa-488f-9423-4e3a88929d4a,00000000-0000-0000-0000-00000000d01c,THE KLASS COMPANY S.A. DE C.V.,t,0,2026-06-01 22:58:16.164845+00,,2026-06-01 22:58:16.164845+00,,,,389,t,THE KLASS COMPANY
0efc19a1-6a74-438e-a5d7-0b910a393bc1,00000000-0000-0000-0000-00000000d01c,GULD LOGISTICS,t,0,2026-06-01 22:58:16.164845+00,,2026-06-01 22:58:16.164845+00,,,,395,t,GULD LOGISTICS
3b91f820-e491-43fa-af61-382c2d60f629,00000000-0000-0000-0000-00000000d01c,TOY MCCOY,t,0,2026-06-01 22:58:16.164845+00,,2026-06-01 22:58:16.164845+00,,,,534,t,TOY MCCOY
8f3088d2-bf62-411d-b1f7-e8a06f046e83,00000000-0000-0000-0000-00000000d01c,DESDE EL CORAZON DEL FRUTO S.A. DE C.V.,t,0,2026-06-01 22:58:16.164845+00,,2026-06-01 22:58:16.164845+00,,,,397,t,DESDE EL CORAZON DEL FRUTO
96ce33ae-c529-46dd-85cd-5b8ed5c19da6,00000000-0000-0000-0000-00000000d01c,DULJAL S DE RL DE CV,t,0,2026-06-01 22:58:16.164845+00,,2026-06-01 22:58:16.164845+00,,,,399,t,DULJAL
b3f1f0ff-0029-4b8a-b79e-7a8e0247853d,00000000-0000-0000-0000-00000000d01c,CONFITADOS FINOS COMERCIAL S.A. DE C.V,t,0,2026-06-01 22:58:16.164845+00,,2026-06-01 22:58:16.164845+00,,,,400,t,CONFITADOS FINOS COMERCIAL
2eb85fb6-a866-4adb-8725-52535bb3db51,00000000-0000-0000-0000-00000000d01c,MARCAS NESTLE S.A. DE C.V.,t,0,2026-06-01 22:58:16.164845+00,,2026-06-01 22:58:16.164845+00,,,,401,t,MARCAS NESTLE
31045a71-79dc-40bd-b93a-c74551b5e974,00000000-0000-0000-0000-00000000d01c,LOS REYES DULCES SC DE EL DE CV,t,0,2026-06-01 22:58:16.164845+00,,2026-06-01 22:58:16.164845+00,,,,404,t,LOS REYES DULCES SC DE EL DE CV
96cc59fb-aedf-4093-8395-f72e6d077c84,00000000-0000-0000-0000-00000000d01c,CASA AYALA DEL NOROESTE SA DE CV,t,0,2026-06-01 22:58:16.164845+00,,2026-06-01 22:58:16.164845+00,,,,407,t,CASA AYALA DEL NOROESTE
81653b53-b33c-4e4b-a631-b8bba3666fb8,00000000-0000-0000-0000-00000000d01c,MARIANA RODRIGUEZ PEREZ,t,0,2026-06-01 22:58:16.164845+00,,2026-06-01 22:58:16.164845+00,,,,415,t,MARIANA RODRIGUEZ PEREZ
3165c215-7741-4e6d-9fc1-3356834ff5e7,00000000-0000-0000-0000-00000000d01c,COME ALA TERRA,t,0,2026-06-01 22:58:16.164845+00,,2026-06-01 22:58:16.164845+00,,,,421,t,COME ALA TERRA
82377758-b0a3-4334-b9aa-c65fdcb33ee3,00000000-0000-0000-0000-00000000d01c,HECTORS DISTRIBUCIONES SA DE CV,t,0,2026-06-01 22:58:16.164845+00,,2026-06-01 22:58:16.164845+00,,,,423,t,HECTORS DISTRIBUCIONES
315f153f-e9cf-4434-8c8a-0c499db77cf0,00000000-0000-0000-0000-00000000d01c,GRUPO RICALETA S.A. DE C.V.,t,0,2026-06-01 22:58:16.164845+00,,2026-06-01 22:58:16.164845+00,,,,424,t,GRUPO RICALETA
c61a5cfc-8353-4bc9-b1b3-117122b50eb8,00000000-0000-0000-0000-00000000d01c,ALEJANDRO CHICOTES,t,0,2026-06-01 22:58:16.164845+00,,2026-06-01 22:58:16.164845+00,,,,427,t,ALEJANDRO CHICOTES
f4e9090f-656e-4614-bc3d-43967f683c33,00000000-0000-0000-0000-00000000d01c,ROMPOPE DON AGUSTIN,t,0,2026-06-01 22:58:16.164845+00,,2026-06-01 22:58:16.164845+00,,,,430,t,ROMPOPE DON AGUSTIN
4f000641-bf49-41ae-888b-9a34ef335bf4,00000000-0000-0000-0000-00000000d01c,BIOCUP,t,0,2026-06-01 22:58:16.164845+00,,2026-06-01 22:58:16.164845+00,,,,438,t,BIOCUP
2dbca7e1-bf94-4528-9682-d5087c7c9a81,00000000-0000-0000-0000-00000000d01c,COMERCIALIZADORA DE ALIMENTOS NOVEDOSOS,t,0,2026-06-01 22:58:16.164845+00,,2026-06-01 22:58:16.164845+00,,,,439,t,COMERCIALIZADORA DE ALIMENTOS NOVEDOSOS
a21ec47e-b51a-4369-95a3-b9ab58f020b5,00000000-0000-0000-0000-00000000d01c,MEGA ALIMENTOS,t,0,2026-06-01 22:58:16.164845+00,,2026-06-01 22:58:16.164845+00,,,,441,t,MEGA ALIMENTOS
97aee238-9ae6-4c27-a738-30f9023f777e,00000000-0000-0000-0000-00000000d01c,ULISES DE BARI,t,0,2026-06-01 22:58:16.164845+00,,2026-06-01 22:58:16.164845+00,,,,443,t,ULISES DE BARI
be9dc513-19db-48da-a24c-a87ac3acd773,00000000-0000-0000-0000-00000000d01c,BARCEL,t,0,2026-06-01 22:58:16.164845+00,,2026-06-01 22:58:16.164845+00,,,,445,t,BARCEL
ca90eafd-3418-4b74-ae2f-34a236c27665,00000000-0000-0000-0000-00000000d01c,NATURAL DE ALIMENTOS,t,0,2026-06-01 22:58:16.164845+00,,2026-06-01 22:58:16.164845+00,,,,447,t,NATURAL DE ALIMENTOS
0c7903e7-add0-4e70-af8a-49f96d2eb442,00000000-0000-0000-0000-00000000d01c,SUMMA COMPANY S.A. DE C.V.,t,0,2026-06-01 22:58:16.164845+00,,2026-06-01 22:58:16.164845+00,,,,451,t,SUMMA COMPANY
10f49ef5-2fce-4d28-a13d-6411b86dfb10,00000000-0000-0000-0000-00000000d01c,DISTRIBUIDORA DE DULCES GOMEZ S.A. DE C.V.,t,0,2026-06-01 22:58:16.164845+00,,2026-06-01 22:58:16.164845+00,,,,453,t,DISTRIBUIDORA DE DULCES GOMEZ
dfe111d5-d75e-4601-a925-5383c7427590,00000000-0000-0000-0000-00000000d01c,MANZELA SA DE CV,t,0,2026-06-01 22:58:16.164845+00,,2026-06-01 22:58:16.164845+00,,,,456,t,MANZELA
cce50074-15d9-478a-93fd-a494e2abf197,00000000-0000-0000-0000-00000000d01c,GUILLERMO SANCHEZ DELGADO,t,0,2026-06-01 22:58:16.164845+00,,2026-06-01 22:58:16.164845+00,,,,457,t,GUILLERMO SANCHEZ DELGADO
f1635005-eb2f-47e9-ab54-6ca051817e61,00000000-0000-0000-0000-00000000d01c,GOLOSINAS GMC S de RL de CV,t,0,2026-06-01 22:58:16.164845+00,,2026-06-01 22:58:16.164845+00,,,,458,t,GOLOSINAS GMC
4a8319ee-f852-47d5-9876-97a54bddf0a8,00000000-0000-0000-0000-00000000d01c,MARIO ADALBERTO VALDIVIA ALCARAZ,t,0,2026-06-01 22:58:16.164845+00,,2026-06-01 22:58:16.164845+00,,,,470,t,MARIO ADALBERTO VALDIVIA ALCARAZ
9f769b87-22e3-4007-99cc-c378a0b29276,00000000-0000-0000-0000-00000000d01c,OFERTAS,t,0,2026-06-01 22:58:16.164845+00,,2026-06-01 22:58:16.164845+00,,,,472,t,OFERTAS
4b354edb-271e-46ac-80f2-66af22cdf8d9,00000000-0000-0000-0000-00000000d01c,PASTA SAN LUIS,t,0,2026-06-01 22:58:16.164845+00,,2026-06-01 22:58:16.164845+00,,,,474,t,PASTA SAN LUIS
6116f7a1-4f08-4d1f-89f2-d042c1bb7c55,00000000-0000-0000-0000-00000000d01c,PRODUCTOS LUGO,t,0,2026-06-01 22:58:16.164845+00,,2026-06-01 22:58:16.164845+00,,,,477,t,PRODUCTOS LUGO
9c6b9776-d97e-420e-b36d-aa7856305bad,00000000-0000-0000-0000-00000000d01c,PRODUCTOS ALIMENTICIOS PAF SA DE CV,t,0,2026-06-01 22:58:16.164845+00,,2026-06-01 22:58:16.164845+00,,,,478,t,PRODUCTOS ALIMENTICIOS PAF
b3c265bb-efe0-466b-a07c-0ab470049a1f,00000000-0000-0000-0000-00000000d01c,CUERITOS LUPITA,t,0,2026-06-01 22:58:16.164845+00,,2026-06-01 22:58:16.164845+00,,,,480,t,CUERITOS LUPITA
4f12f8ce-d815-415a-b7d0-f2144154ceae,00000000-0000-0000-0000-00000000d01c,MARIANA RIZO,t,0,2026-06-01 22:58:16.164845+00,,2026-06-01 22:58:16.164845+00,,,,483,t,MARIANA RIZO
7938ad0c-31e8-4e36-aea0-8c0abde7ca8d,00000000-0000-0000-0000-00000000d01c,PURO RELAJO,t,81,2026-05-26 17:19:39.303264+00,,2026-06-01 22:58:16.164845+00,,,,487,t,PURO RELAJO
e547a1ca-ac12-4556-8696-d4caedcc2374,00000000-0000-0000-0000-00000000d01c,PAPAS JOAQUIN,t,0,2026-06-01 22:58:16.164845+00,,2026-06-01 22:58:16.164845+00,,,,490,t,PAPAS JOAQUIN
e2c3cf8b-6b97-485e-929d-d9a929a69a57,00000000-0000-0000-0000-00000000d01c,LUIS ALEJANDRO MENDOZA CHAVEZ,t,0,2026-06-01 22:58:16.164845+00,,2026-06-01 22:58:16.164845+00,,,,492,t,LUIS ALEJANDRO MENDOZA CHAVEZ
ea52fc21-ee56-4844-8d46-f1d30d2fd608,00000000-0000-0000-0000-00000000d01c,PIÑATAS TOÑO,t,0,2026-06-01 22:58:16.164845+00,,2026-06-01 22:58:16.164845+00,,,,493,t,PIÑATAS TOÑO
902ec130-ae30-4216-b5ac-1a7095e21b3a,00000000-0000-0000-0000-00000000d01c,MA LETICIA JAIME ROMO,t,0,2026-06-01 22:58:16.164845+00,,2026-06-01 22:58:16.164845+00,,,,497,t,MA LETICIA JAIME ROMO
0800ae53-7f90-4255-8610-ed89ed4a9dfe,00000000-0000-0000-0000-00000000d01c,DIDUPLASTIC SA DE CV,t,0,2026-06-01 22:58:16.164845+00,,2026-06-01 22:58:16.164845+00,,,,501,t,DIDUPLASTIC
15352730-5aaa-44ac-82f8-fb72980b99ba,00000000-0000-0000-0000-00000000d01c,PLASTICOS Y DESECHABLES GEMINIS SA DE CV,t,0,2026-06-01 22:58:16.164845+00,,2026-06-01 22:58:16.164845+00,,,,504,t,PLASTICOS Y DESECHABLES GEMINIS
ffb51468-f099-4943-a1c4-63d39ac78274,00000000-0000-0000-0000-00000000d01c,PLASTICOS GONFER,t,0,2026-06-01 22:58:16.164845+00,,2026-06-01 22:58:16.164845+00,,,,505,t,PLASTICOS GONFER
7cf8b651-48db-4997-8b59-242d38f94b7b,00000000-0000-0000-0000-00000000d01c,BEIBI DINOS,t,0,2026-06-01 22:58:16.164845+00,,2026-06-01 22:58:16.164845+00,,,,507,t,BEIBI DINOS
9d3a4f81-feb2-423f-81fa-2533ea7902a8,00000000-0000-0000-0000-00000000d01c,RODOLFO RODRIGUEZ SILVA,t,0,2026-06-01 22:58:16.164845+00,,2026-06-01 22:58:16.164845+00,,,,508,t,RODOLFO RODRIGUEZ SILVA
bd1f0361-80f1-4e51-8ce2-ccdc538f67e8,00000000-0000-0000-0000-00000000d01c,KARLA ELIZABETH GARIBALDI GUTIERREZ,t,0,2026-06-01 22:58:16.164845+00,,2026-06-01 22:58:16.164845+00,,,,511,t,KARLA ELIZABETH GARIBALDI GUTIERREZ
20aab4df-9135-42ec-a55f-c4d5ad7fff33,00000000-0000-0000-0000-00000000d01c,ARTURO VILLARRUEL SAINZ,t,0,2026-06-01 22:58:16.164845+00,,2026-06-01 22:58:16.164845+00,,,,516,t,ARTURO VILLARRUEL SAINZ
98ed92df-6f91-40e9-80f7-162a9240fe39,00000000-0000-0000-0000-00000000d01c,PRODUCTOS ALVRO SA DE CV,t,0,2026-06-01 22:58:16.164845+00,,2026-06-01 22:58:16.164845+00,,,,5161,t,PRODUCTOS ALVRO
ba1ce60b-a986-4993-a102-46ac78becec4,00000000-0000-0000-0000-00000000d01c,DULCES Y CONFITADOS OLVERA SA DE CV,t,0,2026-06-01 22:58:16.164845+00,,2026-06-01 22:58:16.164845+00,,,,5162,t,DULCES Y CONFITADOS OLVERA
58b05498-1af3-4536-932a-0ff8ef3f8ddd,00000000-0000-0000-0000-00000000d01c,COMPAÑIA INDUSTRIAL ATLAS SA DE CV,t,0,2026-06-01 22:58:16.164845+00,,2026-06-01 22:58:16.164845+00,,,,5166,t,COMPAÑIA INDUSTRIAL ATLAS
c6e4ccfd-a368-4787-b858-43b1cacd56ef,00000000-0000-0000-0000-00000000d01c,PRODUCTOS ALIMENTICIOS Y DIETETICOS EL RELAMPAGO,t,0,2026-06-01 22:58:16.164845+00,,2026-06-01 22:58:16.164845+00,,,,519,t,PRODUCTOS ALIMENTICIOS Y DIETETICOS EL RELAMPAGO
911925da-3cb0-4ef5-b4cb-a34be779b991,00000000-0000-0000-0000-00000000d01c,CONFIGOL,t,0,2026-06-01 22:58:16.164845+00,,2026-06-01 22:58:16.164845+00,,,,523,t,CONFIGOL
0cb2f435-6be6-47e2-8730-85a95b9f86fe,00000000-0000-0000-0000-00000000d01c,MEGA DULCES DE LOS ALTOS,t,0,2026-06-01 22:58:16.164845+00,,2026-06-01 22:58:16.164845+00,,,,361,f,MEGA DULCES DE LOS ALTOS
127197b2-09eb-4c9a-9e42-5c9c88f49f7a,00000000-0000-0000-0000-00000000d01c,JOSE IVAN VELAZQUEZ JUAREZ,t,0,2026-06-01 22:58:16.164845+00,,2026-06-01 22:58:16.164845+00,,,,482,f,JOSE IVAN VELAZQUEZ JUAREZ
92d7d9d7-756b-40a4-b544-05715db02bdf,00000000-0000-0000-0000-00000000d01c,PALETAS BOMBON ARANDAS,t,0,2026-06-01 22:58:16.164845+00,,2026-06-01 22:58:16.164845+00,,,,527,t,PALETAS BOMBON ARANDAS
2219d3ac-02bd-4ae5-9c4c-d9fd85db3b4c,00000000-0000-0000-0000-00000000d01c,LUCIO HERNANDEZ LOPEZ,t,0,2026-06-01 22:58:16.164845+00,,2026-06-01 22:58:16.164845+00,,,,529,t,LUCIO HERNANDEZ LOPEZ
9ebdadc5-41bf-41f1-9def-bb02ffd9942c,00000000-0000-0000-0000-00000000d01c,CESAR RAMON CAMPOS CAMPOS,t,0,2026-06-01 22:58:16.164845+00,,2026-06-01 22:58:16.164845+00,,,,530,t,CESAR RAMON CAMPOS CAMPOS
d8648fe8-4afd-4aef-949a-a8b61cd1d319,00000000-0000-0000-0000-00000000d01c,LUIS ALONSO CEJA CENTENO,t,0,2026-06-01 22:58:16.164845+00,,2026-06-01 22:58:16.164845+00,,,,771,t,LUIS ALONSO CEJA CENTENO
969ea215-4f6a-492d-a6d1-8502fdc452b0,00000000-0000-0000-0000-00000000d01c,FABRICA DE DULCES Y CHOCOLATES EL DUENDE SA,t,0,2026-06-01 22:58:16.164845+00,,2026-06-01 22:58:16.164845+00,,,,773,t,FABRICA DE DULCES Y CHOCOLATES EL DUENDE
096d8010-3328-400b-a173-950a2b4bb560,00000000-0000-0000-0000-00000000d01c,ENSAMBLES Y MAQUINAS S DE RL DE CV,t,0,2026-06-01 22:58:16.164845+00,,2026-06-01 22:58:16.164845+00,,,,789,t,ENSAMBLES Y MAQUINAS
b98247d6-ec77-45a1-b073-efb12db4d701,00000000-0000-0000-0000-00000000d01c,PABLO IGNACIO MICHEL ONTIVEROS,t,0,2026-06-01 22:58:16.164845+00,,2026-06-01 22:58:16.164845+00,,,,795,t,PABLO IGNACIO MICHEL ONTIVEROS
97314185-35d4-4778-9fe3-aa3d50202eaf,00000000-0000-0000-0000-00000000d01c,DULCES EL DESCUENTO SA DE CV,t,0,2026-06-01 22:58:16.164845+00,,2026-06-01 22:58:16.164845+00,,,,796,t,DULCES EL DESCUENTO
c81db7e3-8f15-4899-94ab-d61b2bbd842a,00000000-0000-0000-0000-00000000d01c,MATRE MEXICO S DE RL DE CV,t,0,2026-06-01 22:58:16.164845+00,,2026-06-01 22:58:16.164845+00,,,,807,t,MATRE MEXICO
810befb4-19f2-4caf-a54d-abea60f9321a,00000000-0000-0000-0000-00000000d01c,JOSE GUILLERMO CASANOVA MARQUEZ,t,0,2026-06-01 22:58:16.164845+00,,2026-06-01 22:58:16.164845+00,,,,811,t,JOSE GUILLERMO CASANOVA MARQUEZ
5537438a-ece7-4317-8664-a88dae7f14fb,00000000-0000-0000-0000-00000000d01c,JESUS HERNANDEZ ZAVALA,t,0,2026-06-01 22:58:16.164845+00,,2026-06-01 22:58:16.164845+00,,,,823,t,JESUS HERNANDEZ ZAVALA
b0e94792-192d-4372-8b3e-f088397cdfb4,00000000-0000-0000-0000-00000000d01c,COCADAS LUPITA,t,0,2026-06-01 22:58:16.164845+00,,2026-06-01 22:58:16.164845+00,,,,824,t,COCADAS LUPITA
c64565ed-8c4b-48c0-8669-bca9cbcd6d4b,00000000-0000-0000-0000-00000000d01c,DIVISA S.A DE C.V.,t,0,2026-06-01 22:58:16.164845+00,,2026-06-01 22:58:16.164845+00,,,,831,t,DIVISA
456bdd20-bcdd-420d-9162-2f5957afe22b,00000000-0000-0000-0000-00000000d01c,JUANA AYALA ORTIZ,t,0,2026-06-01 22:58:16.164845+00,,2026-06-01 22:58:16.164845+00,,,,834,t,JUANA AYALA ORTIZ
2a3b56cc-24de-4013-93df-4f7963f83346,00000000-0000-0000-0000-00000000d01c,FERNANDO ZERMEÑO MUÑOZ,t,0,2026-06-01 22:58:16.164845+00,,2026-06-01 22:58:16.164845+00,,,,853,t,FERNANDO ZERMEÑO MUÑOZ
78ca9ad9-4b9a-4a7b-9a87-c24a69c902bd,00000000-0000-0000-0000-00000000d01c,ROBERTO FONSECA ESCOTO,t,0,2026-06-01 22:58:16.164845+00,,2026-06-01 22:58:16.164845+00,,,,531,t,ROBERTO FONSECA ESCOTO
44151c2b-4ad1-410f-a8d2-7e0ccc2612f5,00000000-0000-0000-0000-00000000d01c,DAISY REYES MORALES,t,0,2026-06-01 22:58:16.164845+00,,2026-06-01 22:58:16.164845+00,,,,538,t,DAISY REYES MORALES
88a89f71-78d4-4e50-b366-b320267c20af,00000000-0000-0000-0000-00000000d01c,RAISING BRANDS,t,0,2026-06-01 22:58:16.164845+00,,2026-06-01 22:58:16.164845+00,,,,545,t,RAISING BRANDS
929e769f-9257-4ae9-b14b-e4ad4bd12baf,00000000-0000-0000-0000-00000000d01c,PIÑATAS ANITA,t,0,2026-06-01 22:58:16.164845+00,,2026-06-01 22:58:16.164845+00,,,,547,t,PIÑATAS ANITA
127181f9-dcc0-463b-81dc-6ea7c7d33395,00000000-0000-0000-0000-00000000d01c,DISTRIBUIDORA GARMIN,t,0,2026-06-01 22:58:16.164845+00,,2026-06-01 22:58:16.164845+00,,,,549,t,DISTRIBUIDORA GARMIN
0e4bf588-f3f0-49d9-ab17-8f6a466bd022,00000000-0000-0000-0000-00000000d01c,MONDELEZ MEXICO S DE RL DE CV,t,0,2026-06-01 22:58:16.164845+00,,2026-06-01 22:58:16.164845+00,,,,550,t,MONDELEZ MEXICO
ed2a642d-9c60-4003-b07e-0b0aebd2e7ee,00000000-0000-0000-0000-00000000d01c,ALVARO MANRIQUEZ DIAZ,t,0,2026-06-01 22:58:16.164845+00,,2026-06-01 22:58:16.164845+00,,,,551,t,ALVARO MANRIQUEZ DIAZ
f07036e6-2bf6-48ae-9508-14e06bab4edc,00000000-0000-0000-0000-00000000d01c,GAMAHUBIN SA DE CV,t,0,2026-06-01 22:58:16.164845+00,,2026-06-01 22:58:16.164845+00,,,,559,t,GAMAHUBIN
c50ba849-2cc4-41fc-85a7-834b604fcd34,00000000-0000-0000-0000-00000000d01c,JORGE ANTONIO ROMO CASTORELA,t,0,2026-06-01 22:58:16.164845+00,,2026-06-01 22:58:16.164845+00,,,,564,t,JORGE ANTONIO ROMO CASTORELA
1511adfd-f836-4b81-972f-939829b07c7b,00000000-0000-0000-0000-00000000d01c,CHORIZO CAPITAN,t,0,2026-06-01 22:58:16.164845+00,,2026-06-01 22:58:16.164845+00,,,,569,t,CHORIZO CAPITAN
c40ee66b-7baf-432b-8f5e-36a9e6c34b62,00000000-0000-0000-0000-00000000d01c,ABASTECEDORA Y DISTRIBUIDORA SANFU S.A. DE C.V.,t,0,2026-06-01 22:58:16.164845+00,,2026-06-01 22:58:16.164845+00,,,,577,t,ABASTECEDORA Y DISTRIBUIDORA SANFU
5999b98b-54fe-4a31-a171-e7f489566624,00000000-0000-0000-0000-00000000d01c,GRANMARK S.A DE C.V,t,0,2026-06-01 22:58:16.164845+00,,2026-06-01 22:58:16.164845+00,,,,583,t,GRANMARK
8e43e403-c55d-4592-94f1-fc068916330e,00000000-0000-0000-0000-00000000d01c,INDULCES DE OCCIDENTE SA DE CV,t,0,2026-06-01 22:58:16.164845+00,,2026-06-01 22:58:16.164845+00,,,,584,t,INDULCES DE OCCIDENTE
1744015c-2b66-43fd-95a9-7a1079806ea8,00000000-0000-0000-0000-00000000d01c,EMPACADOS GRUPO,t,0,2026-06-01 22:58:16.164845+00,,2026-06-01 22:58:16.164845+00,,,,592,t,EMPACADOS GRUPO
36dbeff4-79f7-403c-9918-7dd37667e8fe,00000000-0000-0000-0000-00000000d01c,COMPAÑIA DULCERA MIVESA SA DE CV,t,0,2026-06-01 22:58:16.164845+00,,2026-06-01 22:58:16.164845+00,,,,594,t,COMPAÑIA DULCERA MIVESA
588f54ea-48ae-45ab-83f7-a57a45d9fdc9,00000000-0000-0000-0000-00000000d01c,ALDO GERMAN CABRAL GASCON,t,0,2026-06-01 22:58:16.164845+00,,2026-06-01 22:58:16.164845+00,,,,600,t,ALDO GERMAN CABRAL GASCON
14cca0db-0d2d-45c2-aa55-ea723be29bbf,00000000-0000-0000-0000-00000000d01c,DULCE MARIANA RAMOS GARCIA,t,0,2026-06-01 22:58:16.164845+00,,2026-06-01 22:58:16.164845+00,,,,601,t,DULCE MARIANA RAMOS GARCIA
45b36eb6-3064-4f00-b3a5-76bb90b281bc,00000000-0000-0000-0000-00000000d01c,MARCAS EXTRAORDINARIAS,t,0,2026-06-01 22:58:16.164845+00,,2026-06-01 22:58:16.164845+00,,,,602,t,MARCAS EXTRAORDINARIAS
e2a12edd-965b-4b0f-88ed-d8f1d404fb4e,00000000-0000-0000-0000-00000000d01c,PACTIV FOODSERVICE MEXICO,t,0,2026-06-01 22:58:16.164845+00,,2026-06-01 22:58:16.164845+00,,,,608,t,PACTIV FOODSERVICE MEXICO
b667b83e-2e04-420b-b153-a23d711ab038,00000000-0000-0000-0000-00000000d01c,MARCO ANTONIO GONZALEZ,t,0,2026-06-01 22:58:16.164845+00,,2026-06-01 22:58:16.164845+00,,,,609,t,MARCO ANTONIO GONZALEZ
82dcafd1-48bd-4e1b-95d6-ac044dadc272,00000000-0000-0000-0000-00000000d01c,JESUS LOPEZ LOPEZ,t,0,2026-06-01 22:58:16.164845+00,,2026-06-01 22:58:16.164845+00,,,,618,t,JESUS LOPEZ LOPEZ
836a77b7-358c-4f6b-999d-ed6e07873aa8,00000000-0000-0000-0000-00000000d01c,MY FEST,t,0,2026-06-01 22:58:16.164845+00,,2026-06-01 22:58:16.164845+00,,,,619,t,MY FEST
a2ca5b21-ec6d-4cd3-97b9-5d60f6be25e3,00000000-0000-0000-0000-00000000d01c,ANTONIO FARFAN MARTINEZ,t,0,2026-06-01 22:58:16.164845+00,,2026-06-01 22:58:16.164845+00,,,,621,t,ANTONIO FARFAN MARTINEZ
84f3ee8c-588d-4187-8fee-1507647f0f02,00000000-0000-0000-0000-00000000d01c,MIL ENVASES SA DE CV,t,0,2026-06-01 22:58:16.164845+00,,2026-06-01 22:58:16.164845+00,,,,622,t,MIL ENVASES
f5574c98-b4d4-4bea-9e73-eaff79e0dfc9,00000000-0000-0000-0000-00000000d01c,BOTANAS DON MEMO,t,0,2026-06-01 22:58:16.164845+00,,2026-06-01 22:58:16.164845+00,,,,623,t,BOTANAS DON MEMO
b01e4d29-498f-410f-9fc8-5d9ccc201ca7,00000000-0000-0000-0000-00000000d01c,JIM DISTRIBUCIONES,t,0,2026-06-01 22:58:16.164845+00,,2026-06-01 22:58:16.164845+00,,,,624,t,JIM DISTRIBUCIONES
f844d9dd-e154-43ec-8612-bf9e59241e3c,00000000-0000-0000-0000-00000000d01c,D. IMAGEN PRINTS SA DE CV,t,0,2026-06-01 22:58:16.164845+00,,2026-06-01 22:58:16.164845+00,,,,627,t,D. IMAGEN PRINTS
dd65bf6a-84f3-4287-9aa2-c30ec1da16c1,00000000-0000-0000-0000-00000000d01c,GONAC,t,0,2026-05-26 17:19:39.303264+00,,2026-05-26 17:19:39.303264+00,,,,,t,GONAC
b3b64307-39b5-4b37-a0f3-e50fefbf339f,00000000-0000-0000-0000-00000000d01c,NUTRESA,t,0,2026-05-26 17:19:39.303264+00,,2026-05-26 17:19:39.303264+00,,,,,t,NUTRESA
ddece265-09c1-4a32-8df0-64646706ce12,00000000-0000-0000-0000-00000000d01c,AP,t,0,2026-05-26 17:19:39.303264+00,,2026-05-26 17:19:39.303264+00,,,,,t,AP
d206cbf0-d62d-43e4-9e72-28f41d7d987d,00000000-0000-0000-0000-00000000d01c,QUALAMEX,t,0,2026-05-26 17:19:39.303264+00,,2026-05-26 17:19:39.303264+00,,,,,t,QUALAMEX
9093f0e5-6a32-4a5e-837c-92bdb8e651e2,00000000-0000-0000-0000-00000000d01c,CABADAS,t,0,2026-05-26 17:19:39.303264+00,,2026-05-26 17:19:39.303264+00,,,,,t,CABADAS
4d8dec67-0ab7-4cd7-ab1d-cd3239848593,00000000-0000-0000-0000-00000000d01c,JOVY,t,0,2026-05-26 17:19:39.303264+00,,2026-05-26 17:19:39.303264+00,,,,,t,JOVY
c5d3fa4f-8e7e-49a5-924a-1e619bebe7f1,00000000-0000-0000-0000-00000000d01c,TOTIS,t,0,2026-05-26 17:19:39.303264+00,,2026-05-26 17:19:39.303264+00,,,,,t,TOTIS
fd238408-5f74-4dcc-9a82-680c2bd9e371,00000000-0000-0000-0000-00000000d01c,ARCOR,t,0,2026-05-26 17:19:39.303264+00,,2026-05-26 17:19:39.303264+00,,,,,t,ARCOR
22ad8f68-357a-4d75-bc88-82adfb440a0e,00000000-0000-0000-0000-00000000d01c,WINIS,t,0,2026-05-26 17:19:39.303264+00,,2026-05-26 17:19:39.303264+00,,,,,t,WINIS
565d472c-b8df-404c-afaa-6d94d54fc09a,00000000-0000-0000-0000-00000000d01c,APROZA,t,0,2026-05-26 17:19:39.303264+00,,2026-05-26 17:19:39.303264+00,,,,,t,APROZA
a7f45120-07fa-4c88-9f6c-88ea8e618a24,00000000-0000-0000-0000-00000000d01c,DELICIATE,t,8,2026-05-26 17:19:39.303264+00,,2026-06-01 22:58:16.164845+00,,,,119,t,DELICIATE
b68cdd6c-d221-474f-ba21-11bf41c23486,00000000-0000-0000-0000-00000000d01c,FRITURAS EL POLLITO,t,0,2026-06-01 22:58:16.164845+00,,2026-06-01 22:58:16.164845+00,,,,629,t,FRITURAS EL POLLITO
4b68e6af-408c-4f38-a693-2375abe655a0,00000000-0000-0000-0000-00000000d01c,ENRIQUE VILLEGAS MANRIQUE,t,0,2026-06-01 22:58:16.164845+00,,2026-06-01 22:58:16.164845+00,,,,636,t,ENRIQUE VILLEGAS MANRIQUE
3a13cfe9-a2f5-4930-8603-e2bb17e767e7,00000000-0000-0000-0000-00000000d01c,PRODUCTOS DE LECHE SAN PABLO SA DE CV,t,0,2026-06-01 22:58:16.164845+00,,2026-06-01 22:58:16.164845+00,,,,639,t,PRODUCTOS DE LECHE SAN PABLO
5c398606-c0d9-4622-b5ef-07358baef09f,00000000-0000-0000-0000-00000000d01c,JORGE ALEJANDRO MORA TORRES,t,0,2026-06-01 22:58:16.164845+00,,2026-06-01 22:58:16.164845+00,,,,642,t,JORGE ALEJANDRO MORA TORRES
f28863a0-f24e-4852-88ad-b846eb1c5012,00000000-0000-0000-0000-00000000d01c,OBLEAS EL ARCOIRIS,t,0,2026-06-01 22:58:16.164845+00,,2026-06-01 22:58:16.164845+00,,,,644,t,OBLEAS EL ARCOIRIS
925cd0c0-afc2-42cb-9baa-f01133a16e51,00000000-0000-0000-0000-00000000d01c,CUETARA DISTRIBUCION S.A DE C.V,t,0,2026-06-01 22:58:16.164845+00,,2026-06-01 22:58:16.164845+00,,,,645,t,CUETARA DISTRIBUCION
50d898e3-c9c2-4a39-9ce1-877813806fbb,00000000-0000-0000-0000-00000000d01c,GALLETAS MEJA,t,0,2026-06-01 22:58:16.164845+00,,2026-06-01 22:58:16.164845+00,,,,649,t,GALLETAS MEJA
daf231a1-dcd0-48f9-a728-ec87bc4c0c36,00000000-0000-0000-0000-00000000d01c,ILA GRANJA ORGANICA,t,0,2026-06-01 22:58:16.164845+00,,2026-06-01 22:58:16.164845+00,,,,655,t,ILA GRANJA ORGANICA
92332966-0637-4698-b9b9-d7b20a422b35,00000000-0000-0000-0000-00000000d01c,RICARDO MARTIN VAZQUEZ,t,0,2026-06-01 22:58:16.164845+00,,2026-06-01 22:58:16.164845+00,,,,660,t,RICARDO MARTIN VAZQUEZ
0de4b1bd-caa8-46af-bd66-00d16534870a,00000000-0000-0000-0000-00000000d01c,ROMYC INDUSTRIAL SA DE CV,t,0,2026-06-01 22:58:16.164845+00,,2026-06-01 22:58:16.164845+00,,,,661,t,ROMYC INDUSTRIAL
ba1f74f8-9a2d-4b3f-beb8-5cc54b5331ff,00000000-0000-0000-0000-00000000d01c,MEDICINAS,t,0,2026-06-01 22:58:16.164845+00,,2026-06-01 22:58:16.164845+00,,,,669,t,MEDICINAS
3f9f8f2d-407d-4c57-819f-58d304adab9d,00000000-0000-0000-0000-00000000d01c,MARCOS EDUARDO SANZON,t,0,2026-06-01 22:58:16.164845+00,,2026-06-01 22:58:16.164845+00,,,,672,t,MARCOS EDUARDO SANZON
0d9a9db3-a3f9-44b0-b0ef-ea2b0ae3f060,00000000-0000-0000-0000-00000000d01c,GRACIELA JAIME ROMO,t,0,2026-06-01 22:58:16.164845+00,,2026-06-01 22:58:16.164845+00,,,,676,t,GRACIELA JAIME ROMO
56d69410-7813-45b7-a51e-221484ca5594,00000000-0000-0000-0000-00000000d01c,TRESMONTES LUCHETTI (NUTRESA),t,0,2026-06-01 22:58:16.164845+00,,2026-06-01 22:58:16.164845+00,,,,677,t,TRESMONTES LUCHETTI (NUTRESA)
b2b01a03-ea59-4ace-bac8-8be81590e259,00000000-0000-0000-0000-00000000d01c,TURIN ALTA REPOSTERIA,t,0,2026-06-01 22:58:16.164845+00,,2026-06-01 22:58:16.164845+00,,,,678,t,TURIN ALTA REPOSTERIA
d730552e-1c8f-48e9-bf28-c65b2833e431,00000000-0000-0000-0000-00000000d01c,CUERITOS PREMIUM  ZACAPU,t,0,2026-06-01 22:58:16.164845+00,,2026-06-01 22:58:16.164845+00,,,,679,t,CUERITOS PREMIUM  ZACAPU
c21d9d4d-5303-44c0-b840-6d7896628579,00000000-0000-0000-0000-00000000d01c,IVÁN HUERTA MORA,t,0,2026-06-01 22:58:16.164845+00,,2026-06-01 22:58:16.164845+00,,,,684,t,IVÁN HUERTA MORA
05820d61-16cb-4cdc-8387-a4dfafa7d7aa,00000000-0000-0000-0000-00000000d01c,RODOLFO BRAVO GARCIA,t,0,2026-06-01 22:58:16.164845+00,,2026-06-01 22:58:16.164845+00,,,,685,t,RODOLFO BRAVO GARCIA
91a3e068-610d-4fe3-8bd7-7c7cef0c8932,00000000-0000-0000-0000-00000000d01c,CONSERVAS LA COSTEÑA (TOTTIS),t,0,2026-06-01 22:58:16.164845+00,,2026-06-01 22:58:16.164845+00,,,,688,t,CONSERVAS LA COSTEÑA (TOTTIS)
41ce6fc1-e23a-4d24-b49f-6ffffbe5c183,00000000-0000-0000-0000-00000000d01c,PURO MERCADO SA DE CV,t,0,2026-06-01 22:58:16.164845+00,,2026-06-01 22:58:16.164845+00,,,,705,t,PURO MERCADO
98f50ed5-f108-49cd-8c4f-85aadc7cb54b,00000000-0000-0000-0000-00000000d01c,J&F ENTERPRISE S.A. DE C.V,t,0,2026-06-01 22:58:16.164845+00,,2026-06-01 22:58:16.164845+00,,,,707,t,J&F ENTERPRISE
c4916354-8e0a-479f-89ff-2b58deb37fae,00000000-0000-0000-0000-00000000d01c,DISTRIBUCIONES DULZON,t,0,2026-06-01 22:58:16.164845+00,,2026-06-01 22:58:16.164845+00,,,,711,t,DISTRIBUCIONES DULZON
030d1dac-dc13-45a9-b401-e42bd929f682,00000000-0000-0000-0000-00000000d01c,MARTIN PIÑATAS (GDL),t,0,2026-06-01 22:58:16.164845+00,,2026-06-01 22:58:16.164845+00,,,,725,t,MARTIN PIÑATAS (GDL)
30742c43-6006-48ce-af86-f2d0d6151db3,00000000-0000-0000-0000-00000000d01c,RICARDO DE JESUS ZERMEÑO LOPEZ,t,0,2026-06-01 22:58:16.164845+00,,2026-06-01 22:58:16.164845+00,,,,726,t,RICARDO DE JESUS ZERMEÑO LOPEZ
2d44421f-0ac5-4259-8f81-43ae1ee86b79,00000000-0000-0000-0000-00000000d01c,PRODUCTOS MARCE,t,0,2026-06-01 22:58:16.164845+00,,2026-06-01 22:58:16.164845+00,,,,732,t,PRODUCTOS MARCE
9bb1348b-9f87-4bca-9a2b-26918c5ae377,00000000-0000-0000-0000-00000000d01c,JOSUE HERNANDEZ JIMENEZ,t,0,2026-06-01 22:58:16.164845+00,,2026-06-01 22:58:16.164845+00,,,,733,t,JOSUE HERNANDEZ JIMENEZ
9e1b795a-cdcb-400e-9a5b-7955ed948236,00000000-0000-0000-0000-00000000d01c,GANADEROS PRODUCTORES DE LECHE PURA,t,0,2026-06-01 22:58:16.164845+00,,2026-06-01 22:58:16.164845+00,,,,752,t,GANADEROS PRODUCTORES DE LECHE PURA
1e83949a-a19d-489b-9ac1-fe3fdce29471,00000000-0000-0000-0000-00000000d01c,PROMOCIONES GRAFICAS MEXICANAS S.A DE C.V. LARIN,t,0,2026-06-01 22:58:16.164845+00,,2026-06-01 22:58:16.164845+00,,,,757,t,PROMOCIONES GRAFICAS MEXICANAS S.A DE C.V. LARIN
f1260bbd-5099-478b-808c-ab3ca7e8321b,00000000-0000-0000-0000-00000000d01c,BRENDA JACQUELINE AVILA BAÑUELOS,t,0,2026-06-01 22:58:16.164845+00,,2026-06-01 22:58:16.164845+00,,,,766,t,BRENDA JACQUELINE AVILA BAÑUELOS
37b51666-961b-4653-93db-12baa6663560,00000000-0000-0000-0000-00000000d01c,MOLINO HARINERO,t,0,2026-06-01 22:58:16.164845+00,,2026-06-01 22:58:16.164845+00,,,,769,t,MOLINO HARINERO
ef78e6f8-f9ba-4785-96cf-a5ad4192824c,00000000-0000-0000-0000-00000000d01c,GALLETERA ITALIANA,t,0,2026-06-01 22:58:16.164845+00,,2026-06-01 22:58:16.164845+00,,,,770,t,GALLETERA ITALIANA
4f562f06-5796-4b3c-9cae-71a1ec499c3e,00000000-0000-0000-0000-00000000d01c,ABARROTES LA VIOLETA,t,0,2026-06-01 22:58:16.164845+00,,2026-06-01 22:58:16.164845+00,,,,543,f,ABARROTES LA VIOLETA
d02ab488-8028-4c75-ac7c-83ab11b04e13,00000000-0000-0000-0000-00000000d01c,MARIA DEL CARMEN VILLEGAS VELASQUEZ,t,0,2026-06-01 22:58:16.164845+00,,2026-06-01 22:58:16.164845+00,,,,863,t,MARIA DEL CARMEN VILLEGAS VELASQUEZ
afecbf5c-5461-4127-8c2f-298e1e1d6856,00000000-0000-0000-0000-00000000d01c,DEIMAN SA DE CV,t,0,2026-06-01 22:58:16.164845+00,,2026-06-01 22:58:16.164845+00,,,,866,t,DEIMAN
4de5f074-3711-471a-9453-135df402419f,00000000-0000-0000-0000-00000000d01c,ROSA MARIA LEMUS BRAVO,t,0,2026-06-01 22:58:16.164845+00,,2026-06-01 22:58:16.164845+00,,,,868,t,ROSA MARIA LEMUS BRAVO
c74a6e9c-d07f-467c-9eaf-5d78149be0c1,00000000-0000-0000-0000-00000000d01c,IGNACIO GOMEZ GONZALEZ,t,0,2026-06-01 22:58:16.164845+00,,2026-06-01 22:58:16.164845+00,,,,869,t,IGNACIO GOMEZ GONZALEZ
4d05bbef-4161-4a93-ba9e-fb623cef5fd3,00000000-0000-0000-0000-00000000d01c,CENTRO ABARROTERO DEL BAJIO SA DE CV,t,0,2026-06-01 22:58:16.164845+00,,2026-06-01 22:58:16.164845+00,,,,885,t,CENTRO ABARROTERO DEL BAJIO
85c2d4b6-282e-4d19-9e8c-e0441290cc26,00000000-0000-0000-0000-00000000d01c,PIÑATAS VICTOR,t,0,2026-06-01 22:58:16.164845+00,,2026-06-01 22:58:16.164845+00,,,,894,t,PIÑATAS VICTOR
ac3f9643-4169-4a9c-9ea4-cd1bb354fb97,00000000-0000-0000-0000-00000000d01c,ISRAEL RODRIGUEZ GOMEZ,t,0,2026-06-01 22:58:16.164845+00,,2026-06-01 22:58:16.164845+00,,,,896,t,ISRAEL RODRIGUEZ GOMEZ
d89afb2a-1e9d-4113-a4b8-af5081095e82,00000000-0000-0000-0000-00000000d01c,DISTRIBUIDORA DULCERA EL PATRON,t,0,2026-06-01 22:58:16.164845+00,,2026-06-01 22:58:16.164845+00,,,,897,t,DISTRIBUIDORA DULCERA EL PATRON
4986b1dc-5d12-4e6d-b970-5491d0d3bcf4,00000000-0000-0000-0000-00000000d01c,DESECHABLES CECE,t,0,2026-06-01 22:58:16.164845+00,,2026-06-01 22:58:16.164845+00,,,,913,t,DESECHABLES CECE
f74bf84b-8a5c-4e58-a27a-a350e417a914,00000000-0000-0000-0000-00000000d01c,EMBOTELLADORA AGA DEL CENTRO SA DE CV,t,0,2026-06-01 22:58:16.164845+00,,2026-06-01 22:58:16.164845+00,,,,915,t,EMBOTELLADORA AGA DEL CENTRO
db216a6d-5317-42bc-b746-e1414df8a663,00000000-0000-0000-0000-00000000d01c,JUAN SANCHEZ,t,0,2026-06-01 22:58:16.164845+00,,2026-06-01 22:58:16.164845+00,,,,921,t,JUAN SANCHEZ
4da83f6c-1942-4791-8804-68de980a432c,00000000-0000-0000-0000-00000000d01c,SALVADOR MARTIN PAREDES GARCIA,t,0,2026-06-01 22:58:16.164845+00,,2026-06-01 22:58:16.164845+00,,,,926,t,SALVADOR MARTIN PAREDES GARCIA
fd63f09f-a18a-4184-9b55-91fd5d04cdce,00000000-0000-0000-0000-00000000d01c,VIDIS,t,0,2026-06-01 22:58:16.164845+00,,2026-06-01 22:58:16.164845+00,,,,931,t,VIDIS
29261c31-a719-4837-952d-9162baaacef2,00000000-0000-0000-0000-00000000d01c,AGROALIMENTOS SANTOYO SPR DE RL,t,0,2026-06-01 22:58:16.164845+00,,2026-06-01 22:58:16.164845+00,,,,936,t,AGROALIMENTOS SANTOYO SPR DE RL
e2bc0169-553d-41bb-8161-358c43082dab,00000000-0000-0000-0000-00000000d01c,LOTERIAS CAMACHO S. DE R.L. DE C.V.,t,0,2026-06-01 22:58:16.164845+00,,2026-06-01 22:58:16.164845+00,,,,937,t,LOTERIAS CAMACHO
945aaaad-e0d6-4aaa-afe1-647bf5a9318c,00000000-0000-0000-0000-00000000d01c,PAPY FOODS S.A. DE C.V.,t,0,2026-06-01 22:58:16.164845+00,,2026-06-01 22:58:16.164845+00,,,,938,t,PAPY FOODS
be7eb202-f223-4482-95e0-720bef3c38de,00000000-0000-0000-0000-00000000d01c,MULTISERVICIOS 2001 S.A. DE C.V.,t,0,2026-06-01 22:58:16.164845+00,,2026-06-01 22:58:16.164845+00,,,,943,t,MULTISERVICIOS 2001
25685993-e0b9-43f2-ab83-fd6844b8e571,00000000-0000-0000-0000-00000000d01c,BONIFACIO ALEJO AVALOS,t,0,2026-06-01 22:58:16.164845+00,,2026-06-01 22:58:16.164845+00,,,,947,t,BONIFACIO ALEJO AVALOS
2fbadc72-9280-405e-a680-ed1daaf098eb,00000000-0000-0000-0000-00000000d01c,CORPORATIVO MAJORE,t,0,2026-06-01 22:58:16.164845+00,,2026-06-01 22:58:16.164845+00,,,,955,t,CORPORATIVO MAJORE
62ac3a2c-01b0-426a-8f7e-e4bac9056eeb,00000000-0000-0000-0000-00000000d01c,RUBEN PEREZ VICTOR,t,0,2026-06-01 22:58:16.164845+00,,2026-06-01 22:58:16.164845+00,,,,956,t,RUBEN PEREZ VICTOR
8bb627a7-2024-4a1d-9e43-aaa2720e1ad8,00000000-0000-0000-0000-00000000d01c,JAVIER PATRICIO OROZCO,t,0,2026-06-01 22:58:16.164845+00,,2026-06-01 22:58:16.164845+00,,,,957,t,JAVIER PATRICIO OROZCO
c3a2e7b7-914a-4f40-aa15-d39edbd2f602,00000000-0000-0000-0000-00000000d01c,DEPOSITO RECARGA S.A. DE C.V.,t,0,2026-06-01 22:58:16.164845+00,,2026-06-01 22:58:16.164845+00,,,,959,t,DEPOSITO RECARGA
12fb12f0-5bad-4f5b-a57c-3cf61122986b,00000000-0000-0000-0000-00000000d01c,VICTOR MANUEL ARTICULOS DE FIESTA,t,0,2026-06-01 22:58:16.164845+00,,2026-06-01 22:58:16.164845+00,,,,977,t,VICTOR MANUEL ARTICULOS DE FIESTA
8db622c4-e837-488b-a171-5a88176778ff,00000000-0000-0000-0000-00000000d01c,PICAO ALIMENTOS SA DE CV,t,0,2026-06-01 22:58:16.164845+00,,2026-06-01 22:58:16.164845+00,,,,984,t,PICAO ALIMENTOS
0064e76a-655a-4555-9c13-b1b2c8832de9,00000000-0000-0000-0000-00000000d01c,TRADICIONAL DE LOS ALTOS TOSTADAS,t,0,2026-06-01 22:58:16.164845+00,,2026-06-01 22:58:16.164845+00,,,,990,t,TRADICIONAL DE LOS ALTOS TOSTADAS
0c57e734-ed73-4b1d-b18b-ebc7a2442585,00000000-0000-0000-0000-00000000d01c,DISTRIBUIDORA LUGO SANCHEZ SA DE CV,t,0,2026-06-01 22:58:16.164845+00,,2026-06-01 22:58:16.164845+00,,,,991,t,DISTRIBUIDORA LUGO SANCHEZ
6e7219af-f439-42d7-b780-e4e4f5d72870,00000000-0000-0000-0000-00000000d01c,ALBAPESA,t,0,2026-06-01 22:58:16.164845+00,,2026-06-01 22:58:16.164845+00,,,,993,t,ALBAPESA
aad5b62a-6085-4248-8c39-72c764a5bd13,00000000-0000-0000-0000-00000000d01c,DISPONIBLE,t,0,2026-06-01 22:58:16.164845+00,,2026-06-01 22:58:16.164845+00,,,,996,t,DISPONIBLE
db7e9370-a395-448e-872d-2f9dc1426b39,00000000-0000-0000-0000-00000000d01c,ABARROTES,t,80,2026-05-26 17:19:39.303264+00,,2026-06-01 22:58:16.164845+00,,,,923,f,ABARROTES
a516ebcb-9290-4917-bedd-0307fb249b99,00000000-0000-0000-0000-00000000d01c,PERFETTI,t,86,2026-05-26 17:19:39.303264+00,,2026-05-26 19:54:00.936112+00,,,,,t,PERFETTI
ec6945c2-ae30-4fb1-ae68-ee47762c0423,00000000-0000-0000-0000-00000000d01c,MIGOM!,t,0,2026-06-01 22:58:16.164845+00,,2026-06-01 22:58:16.164845+00,,,,614,t,MIGOM!
9c564443-8e20-411a-8ac6-5d29ed76a949,00000000-0000-0000-0000-00000000d01c,HERSHEYS,t,0,2026-05-26 17:19:39.303264+00,,2026-05-26 17:19:39.303264+00,,,,,t,HERSHEYS
623c3444-935c-4984-9f7c-a0240be3a28f,00000000-0000-0000-0000-00000000d01c,BIMBO BARCEL,t,0,2026-05-26 17:19:39.303264+00,,2026-05-26 17:19:39.303264+00,,,,,t,BIMBO BARCEL
d0acd982-44e2-42c4-82a0-6089c3426827,00000000-0000-0000-0000-00000000d01c,TINAJITA,t,0,2026-05-26 17:19:39.303264+00,,2026-05-26 17:19:39.303264+00,,,,,t,TINAJITA
2ae7898f-b8b1-4f5f-93ca-03fcaf402c3b,00000000-0000-0000-0000-00000000d01c,SALSA TAMAZULA,t,0,2026-05-26 17:19:39.303264+00,,2026-05-26 17:19:39.303264+00,,,,,t,SALSA TAMAZULA
6c106e27-9219-4f87-8638-8011d284159c,00000000-0000-0000-0000-00000000d01c,LA POSSE,t,0,2026-05-26 17:19:39.303264+00,,2026-05-26 17:19:39.303264+00,,,,,t,LA POSSE
a496ffe4-94b8-458a-874d-5f27cee741a6,00000000-0000-0000-0000-00000000d01c,VUALA,t,0,2026-05-26 17:19:39.303264+00,,2026-05-26 17:19:39.303264+00,,,,,t,VUALA
45b77d13-6ae4-4aa9-8ca2-3de0855d98db,00000000-0000-0000-0000-00000000d01c,PIN PON,t,0,2026-05-26 17:19:39.303264+00,,2026-05-26 17:19:39.303264+00,,,,,t,PIN PON
9bd87351-1608-4de7-91ce-68712e28c52e,00000000-0000-0000-0000-00000000d01c,INTERCANDY,t,0,2026-05-26 17:19:39.303264+00,,2026-05-26 17:19:39.303264+00,,,,,t,INTERCANDY
c3ad1cb1-f4fd-4d96-b493-837b3d0da1ba,00000000-0000-0000-0000-00000000d01c,GLOBO PAYASO,t,0,2026-05-26 17:19:39.303264+00,,2026-05-26 17:19:39.303264+00,,,,,t,GLOBO PAYASO
e8b2dec9-f3ed-4634-b40c-c5a8b9a84d53,00000000-0000-0000-0000-00000000d01c,ELECTROLIT,t,0,2026-05-26 17:19:39.303264+00,,2026-05-26 17:19:39.303264+00,,,,,t,ELECTROLIT
66fde87c-deb6-4082-9283-52c949cd70be,00000000-0000-0000-0000-00000000d01c,AJEMEX,t,0,2026-05-26 17:19:39.303264+00,,2026-05-26 17:19:39.303264+00,,,,,t,AJEMEX
c1987812-87fd-4c93-99f4-667a50edaede,00000000-0000-0000-0000-00000000d01c,SUPER/PALMER,t,0,2026-05-26 17:19:39.303264+00,,2026-05-26 17:19:39.303264+00,,,,,t,SUPER/PALMER
8d6b640f-eec1-48ff-8b8e-22b7a74f3ea3,00000000-0000-0000-0000-00000000d01c,AZTECA CONFITERIA,t,0,2026-05-26 17:19:39.303264+00,,2026-05-26 17:19:39.303264+00,,,,,t,AZTECA CONFITERIA
e5b6de99-65dd-4a7a-abb2-c59e2cc52f5f,00000000-0000-0000-0000-00000000d01c,TECNICA,t,0,2026-05-26 17:19:39.303264+00,,2026-05-26 17:19:39.303264+00,,,,,t,TECNICA
613abcf1-36fa-4fa1-a757-5efdfa627658,00000000-0000-0000-0000-00000000d01c,NESTLE,t,0,2026-05-26 17:19:39.303264+00,,2026-05-26 17:19:39.303264+00,,,,,t,NESTLE
108dcd77-9d51-4f83-ae3c-f4a70b8ce09a,00000000-0000-0000-0000-00000000d01c,MARS,t,0,2026-05-26 17:19:39.303264+00,,2026-05-26 17:19:39.303264+00,,,,,t,MARS
8b80ae21-56cd-41b1-81e8-31f6dcdda03f,00000000-0000-0000-0000-00000000d01c,RICOLINO/MONDELEZ,t,0,2026-05-26 17:19:39.303264+00,,2026-05-26 17:19:39.303264+00,,,,,t,RICOLINO/MONDELEZ
03df9278-caa6-49d3-8c2c-bdd84bdfa4df,00000000-0000-0000-0000-00000000d01c,FERRERO,t,0,2026-05-26 17:19:39.303264+00,,2026-05-26 17:19:39.303264+00,,,,,t,FERRERO
c93ada8d-a8ae-48a2-8114-47ca50b78163,00000000-0000-0000-0000-00000000d01c,BIO MEX,t,0,2026-06-01 22:58:16.164845+00,,2026-06-01 22:58:16.164845+00,,,,258,t,BIO MEX
6d968366-3903-4fc5-8086-0dfee65690e3,00000000-0000-0000-0000-00000000d01c,RY CANDY SA. DE CV,t,0,2026-06-01 22:58:16.164845+00,,2026-06-01 22:58:16.164845+00,,,,360,t,RY CANDY
c4157805-d664-43fe-8c93-320fc8b457c5,00000000-0000-0000-0000-00000000d01c,ANAHUAC,t,87,2026-05-26 17:19:39.303264+00,,2026-05-26 19:54:00.936112+00,,,,,t,ANAHUAC
f5e31d8c-0f74-480e-b385-9fc300d50ba1,00000000-0000-0000-0000-00000000d01c,PRODUCTOS DE CALIDAD,t,0,2026-06-01 22:58:16.164845+00,,2026-06-01 22:58:16.164845+00,,,,983,f,PRODUCTOS DE CALIDAD
015f46c4-3e06-490b-b6c5-ea09dd791359,00000000-0000-0000-0000-00000000d01c,PROMOCIONES ESPECIALES,t,0,2026-06-01 22:58:16.164845+00,,2026-06-01 22:58:16.164845+00,,,,989,f,PROMOCIONES ESPECIALES
179e1e80-8b98-49b3-804d-d1d6984b3b76,00000000-0000-0000-0000-00000000d01c,PRODUCTOS VARIOS,t,0,2026-06-01 22:58:16.164845+00,,2026-06-01 22:58:16.164845+00,,,,997,f,PRODUCTOS VARIOS
166082fe-a21e-45a4-967c-224bb7a61353,00000000-0000-0000-0000-00000000d01c,PRODUCTOS CON BAJA ROTACION,t,0,2026-06-01 22:58:16.164845+00,,2026-06-01 22:58:16.164845+00,,,,998,f,PRODUCTOS CON BAJA ROTACION
2377c8b2-a11f-4b75-be66-7222ec0e637e,00000000-0000-0000-0000-00000000d01c,PRODUCTOS A ELIMINAR,t,0,2026-06-01 22:58:16.164845+00,,2026-06-01 22:58:16.164845+00,,,,999,f,PRODUCTOS A ELIMINAR
